snapshot,trainOrder,stop,arrivalTime,departureTime,OccupancyArrival,OccupancyDeparture,occupancyPlatformBeforeArrival,occupancyPlatform,peopleIn,FTB,peopleOut,stops,stops_output,stops_diff,peopleIn_output,peopleIn_diff,peopleIn_diff_abs,peopleIn_diff_perc,peopleIn_diff_perc_2,peopleOut_output,peopleOut_diff,peopleOut_diff_abs,peopleOut_diff_perc,peopleOut_diff_perc_2,FTB_output,FTB_diff,FTB_diff_abs,FTB_diff_perc,FTB_diff_perc_2
2019-12-02,1,SAN ISIDRO,2019-12-02T04:52:40.000Z,2019-12-02T04:52:40.000Z,0.0,0.0,63,63,0.0,0.0,0.0,False,True,True,49.25,-49.25,49.25,100.0,100.0,0.0,0.0,0.0,100.0,100.0,16.75,-16.75,16.75,100.0,100.0
2019-12-02,1,LOS ANDES,2019-12-02T04:55:31.000Z,2019-12-02T04:55:31.000Z,0.0,0.0,39,39,0.0,0.0,0.0,False,True,True,30.16,-30.16,30.16,100.0,100.0,0.0,0.0,0.0,100.0,100.0,9.84,-9.84,9.84,100.0,100.0
2019-12-02,1,PAN DE AZUCAR,2019-12-02T04:57:25.000Z,2019-12-02T05:00:22.000Z,0.0,40.0,36,41,40.0,1.0,0.0,True,True,False,33.7964,6.203600000000002,6.203600000000002,15.509,18.3558,0.0,0.0,0.0,100.0,100.0,9.2036,-8.2036,8.2036,820.36,89.13469
2019-12-02,1,SAN MIGUELITO,2019-12-02T05:02:31.000Z,2019-12-02T05:02:43.000Z,40.0,84.0,53,57,47.0,10.0,3.0,True,True,False,60.0,-13.0,13.0,27.65957,21.66667,5.3505,-2.3505000000000003,2.3505000000000003,78.35,43.93047,0.0,10.0,10.0,100.0,100.0
2019-12-02,2,SAN MIGUELITO,2019-12-02T05:10:16.000Z,2019-12-02T05:10:28.000Z,556.0,522.0,42,44,34.0,10.0,68.0,True,True,False,35.0,-1.0,1.0,2.94118,2.85714,64.8059,3.194100000000006,3.194100000000006,4.69721,4.92872,0.0,10.0,10.0,100.0,100.0
2019-12-02,2,PAN DE AZUCAR,2019-12-02T05:08:10.000Z,2019-12-02T05:08:22.000Z,535.0,556.0,22,24,22.0,2.0,1.0,True,True,False,32.2036,-10.203600000000002,10.203600000000002,46.38,31.68466,0.8333,0.16669999999999996,0.16669999999999996,16.67,20.0048,0.0,2.0,2.0,100.0,100.0
2019-12-02,2,LOS ANDES,2019-12-02T05:06:16.000Z,2019-12-02T05:06:31.000Z,332.0,535.0,229,233,207.0,26.0,4.0,True,True,False,184.8331,22.1669,22.1669,10.70865,11.99293,3.1507,0.8492999999999999,0.8492999999999999,21.2325,26.95591,35.0069,-9.006900000000002,9.006900000000002,34.64192,25.72893
2019-12-02,2,SAN ISIDRO,2019-12-02T05:03:25.000Z,2019-12-02T05:03:43.000Z,0.0,332.0,365,376,332.0,44.0,0.0,True,True,False,277.4676,54.532399999999996,54.532399999999996,16.42542,19.65361,0.0,0.0,0.0,100.0,100.0,70.2825,-26.2825,26.2825,59.73295,37.39551
2019-12-02,3,SAN ISIDRO,2019-12-02T05:06:38.000Z,2019-12-02T05:07:32.000Z,0.0,154.0,150,181,154.0,27.0,0.0,True,True,False,169.3588,-15.358800000000002,15.358800000000002,9.97325,9.06879,0.0,0.0,0.0,100.0,100.0,44.9237,-17.923699999999997,17.923699999999997,66.38407,39.89809
2019-12-02,3,LOS ANDES,2019-12-02T05:10:08.000Z,2019-12-02T05:10:20.000Z,154.0,239.0,96,96,88.0,8.0,3.0,True,True,False,92.3634,-4.363399999999999,4.363399999999999,4.95841,4.72417,2.9134,0.08659999999999979,0.08659999999999979,2.88667,2.97247,18.6435,-10.6435,10.6435,133.04375,57.0896
2019-12-02,3,PAN DE AZUCAR,2019-12-02T05:11:59.000Z,2019-12-02T05:12:14.000Z,239.0,255.0,16,20,16.0,4.0,0.0,True,True,False,18.0,-2.0,2.0,12.5,11.11111,0.1667,-0.1667,0.1667,100.0,100.0,0.0,4.0,4.0,100.0,100.0
2019-12-02,3,SAN MIGUELITO,2019-12-02T05:14:05.000Z,2019-12-02T05:14:17.000Z,255.0,231.0,31,31,23.0,8.0,47.0,True,True,False,21.0,2.0,2.0,8.69565,9.52381,44.4767,2.523299999999999,2.523299999999999,5.36872,5.67331,0.0,8.0,8.0,100.0,100.0
2019-12-02,4,SAN ISIDRO,2019-12-02T05:10:52.000Z,2019-12-02T05:11:58.000Z,0.0,187.0,184,216,187.0,29.0,0.0,True,True,False,192.5582,-5.558199999999999,5.558199999999999,2.9723,2.8865,0.0,0.0,0.0,100.0,100.0,50.3655,-21.365499999999997,21.365499999999997,73.67414,42.4209
2019-12-02,4,LOS ANDES,2019-12-02T05:14:28.000Z,2019-12-02T05:14:43.000Z,187.0,303.0,124,133,120.0,13.0,4.0,True,True,False,124.54679999999999,-4.54679999999999,4.54679999999999,3.789,3.65068,3.9184,0.0815999999999999,0.0815999999999999,2.04,2.08248,25.0966,-12.096599999999999,12.096599999999999,93.05077,48.20015
2019-12-02,4,SAN MIGUELITO,2019-12-02T05:18:28.000Z,2019-12-02T05:18:40.000Z,339.0,344.0,54,54,53.0,1.0,48.0,True,True,False,47.0,6.0,6.0,11.32075,12.76596,55.7126,-7.712600000000002,7.712600000000002,16.06792,13.84355,0.0,1.0,1.0,100.0,100.0
2019-12-02,4,PAN DE AZUCAR,2019-12-02T05:16:22.000Z,2019-12-02T05:16:34.000Z,303.0,339.0,37,40,37.0,3.0,1.0,True,True,False,38.0,-1.0,1.0,2.7027,2.63158,0.7456,0.25439999999999996,0.25439999999999996,25.44,34.12017,0.0,3.0,3.0,100.0,100.0
2019-12-02,5,SAN MIGUELITO,2019-12-02T05:22:46.000Z,2019-12-02T05:22:58.000Z,326.0,303.0,39,42,33.0,9.0,56.0,True,True,False,42.0,-9.0,9.0,27.27273,21.42857,49.8481,6.151899999999998,6.151899999999998,10.98554,12.34129,0.0,9.0,9.0,100.0,100.0
2019-12-02,5,PAN DE AZUCAR,2019-12-02T05:20:46.000Z,2019-12-02T05:20:55.000Z,303.0,326.0,24,25,23.0,2.0,0.0,True,True,False,23.0,0.0,0.0,0.0,0.0,1.7393,-1.7393,1.7393,100.0,100.0,0.0,2.0,2.0,100.0,100.0
2019-12-02,5,SAN ISIDRO,2019-12-02T05:14:25.000Z,2019-12-02T05:16:22.000Z,0.0,196.0,139,224,196.0,28.0,0.0,True,True,False,201.8261,-5.826099999999997,5.826099999999997,2.9725,2.88669,0.0,0.0,0.0,100.0,100.0,52.539500000000004,-24.539500000000004,24.539500000000004,87.64107,46.70676
2019-12-02,5,LOS ANDES,2019-12-02T05:18:52.000Z,2019-12-02T05:19:01.000Z,196.0,303.0,109,113,107.0,6.0,0.0,True,True,False,114.0606,-7.060599999999994,7.060599999999994,6.59869,6.19022,1.0175,-1.0175,1.0175,100.0,100.0,22.036,-16.036,16.036,267.26667,72.77183
2019-12-02,6,SAN ISIDRO,2019-12-02T05:21:53.000Z,2019-12-02T05:22:08.000Z,0.0,212.0,224,230,212.0,18.0,0.0,True,True,False,215.737,-3.7369999999999948,3.7369999999999948,1.76274,1.7322,0.0,0.0,0.0,100.0,100.0,55.8024,-37.8024,37.8024,210.01333,67.74332
2019-12-02,6,LOS ANDES,2019-12-02T05:24:38.000Z,2019-12-02T05:24:50.000Z,212.0,381.0,181,184,173.0,11.0,4.0,True,True,False,176.04940000000002,-3.04940000000002,3.04940000000002,1.76266,1.73213,2.9808,1.0192,1.0192,25.48,34.19216,35.9866,-24.986600000000003,24.986600000000003,227.15091,69.43307
2019-12-02,6,PAN DE AZUCAR,2019-12-02T05:26:32.000Z,2019-12-02T05:26:44.000Z,381.0,420.0,45,45,39.0,6.0,0.0,True,True,False,43.0,-4.0,4.0,10.25641,9.30233,0.5151,-0.5151,0.5151,100.0,100.0,0.0,6.0,6.0,100.0,100.0
2019-12-02,6,SAN MIGUELITO,2019-12-02T05:28:47.000Z,2019-12-02T05:28:59.000Z,420.0,435.0,99,101,88.0,13.0,73.0,True,True,False,98.0,-10.0,10.0,11.36364,10.20408,70.252,2.7480000000000047,2.7480000000000047,3.76438,3.91163,0.0,13.0,13.0,100.0,100.0
2019-12-02,7,SAN MIGUELITO,2019-12-02T05:32:52.000Z,2019-12-02T05:33:04.000Z,345.0,326.0,123,125,44.0,81.0,63.0,True,True,False,111.6336,-67.6336,67.6336,153.71273,60.58534,68.5059,-5.505899999999997,5.505899999999997,8.73952,8.03712,3.3664,77.6336,77.6336,95.84395,2306.13118
2019-12-02,7,PAN DE AZUCAR,2019-12-02T05:30:46.000Z,2019-12-02T05:30:58.000Z,313.0,345.0,35,36,33.0,3.0,1.0,True,True,False,30.0,3.0,3.0,9.09091,10.0,1.4719,-0.4719,0.4719,47.19,32.0606,0.0,3.0,3.0,100.0,100.0
2019-12-02,7,SAN ISIDRO,2019-12-02T05:25:07.000Z,2019-12-02T05:26:10.000Z,0.0,174.0,141,207,174.0,33.0,0.0,True,True,False,202.99009999999998,-28.990099999999984,28.990099999999984,16.66098,14.28153,0.0,0.0,0.0,100.0,100.0,52.8125,-19.8125,19.8125,60.03788,37.51479
2019-12-02,7,LOS ANDES,2019-12-02T05:28:52.000Z,2019-12-02T05:29:04.000Z,174.0,313.0,151,157,139.0,18.0,0.0,True,True,False,160.188,-21.187999999999988,21.187999999999988,15.24317,13.22696,1.0192,-1.0192,1.0192,100.0,100.0,32.7986,-14.7986,14.7986,82.21444,45.11961
2019-12-02,8,PAN DE AZUCAR,2019-12-02T05:34:47.000Z,2019-12-02T05:34:59.000Z,336.0,362.0,31,33,27.0,6.0,1.0,True,True,False,34.0,-7.0,7.0,25.92593,20.58824,0.5281,0.4719,0.4719,47.19,89.35808,0.0,6.0,6.0,100.0,100.0
2019-12-02,8,LOS ANDES,2019-12-02T05:32:47.000Z,2019-12-02T05:33:05.000Z,235.0,336.0,115,125,101.0,24.0,0.0,True,True,False,126.44560000000001,-25.445600000000013,25.445600000000013,25.19366,20.12375,0.0,0.0,0.0,100.0,100.0,22.353,1.6469999999999985,1.6469999999999985,6.8625,7.36814
2019-12-02,8,SAN ISIDRO,2019-12-02T05:28:29.000Z,2019-12-02T05:30:05.000Z,0.0,235.0,187,280,235.0,45.0,0.0,True,True,False,253.2181,-18.218099999999993,18.218099999999993,7.75238,7.19463,0.0,0.0,0.0,100.0,100.0,64.5944,-19.594399999999993,19.594399999999993,43.54311,30.33452
2019-12-02,8,SAN MIGUELITO,2019-12-02T05:36:53.000Z,2019-12-02T05:37:11.000Z,362.0,404.0,121,123,114.0,9.0,72.0,True,True,False,52.3664,61.6336,61.6336,54.06456,117.69684,75.1993,-3.199299999999994,3.199299999999994,4.44347,4.25443,0.0,9.0,9.0,100.0,100.0
2019-12-02,9,LOS ANDES,2019-12-02T05:41:05.000Z,2019-12-02T05:41:20.000Z,443.0,687.0,333,347,248.0,99.0,4.0,True,True,False,313.682,-65.68200000000002,65.68200000000002,26.48468,20.93904,5.4602,-1.4602000000000004,1.4602000000000004,36.505,26.74261,54.671,44.329,44.329,44.77677,81.08321
2019-12-02,9,PAN DE AZUCAR,2019-12-02T05:42:59.000Z,2019-12-02T05:43:11.000Z,687.0,718.0,70,71,34.0,37.0,3.0,True,True,False,71.0,-37.0,37.0,108.82353,52.11268,2.464,0.536,0.536,17.86667,21.75325,0.0,37.0,37.0,100.0,100.0
2019-12-02,9,SAN MIGUELITO,2019-12-02T05:45:02.000Z,2019-12-02T05:45:32.000Z,718.0,712.0,226,231,152.0,79.0,158.0,True,True,False,171.1211,-19.121100000000013,19.121100000000013,12.57967,11.17402,158.8138,-0.8137999999999863,0.8137999999999863,0.51506,0.51242,53.8789,25.1211,25.1211,31.79886,46.62512
2019-12-02,9,SAN ISIDRO,2019-12-02T05:38:08.000Z,2019-12-02T05:38:29.000Z,0.0,443.0,531,548,443.0,105.0,0.0,True,True,False,493.6114,-50.6114,50.6114,11.4247,10.25329,0.0,0.0,0.0,100.0,100.0,120.983,-15.983000000000004,15.983000000000004,15.2219,13.21095
2019-12-02,10,SAN MIGUELITO,2019-12-02T05:49:05.000Z,2019-12-02T05:49:32.000Z,530.0,556.0,155,159,118.0,41.0,92.0,True,True,False,123.939,-5.938999999999993,5.938999999999993,5.03305,4.79187,97.9969,-5.996899999999997,5.996899999999997,6.51837,6.11948,13.9399,27.0601,27.0601,66.00024,194.11976
2019-12-02,10,SAN ISIDRO,2019-12-02T05:42:11.000Z,2019-12-02T05:42:29.000Z,0.0,261.0,301,323,261.0,62.0,0.0,True,True,False,285.7563,-24.75630000000001,24.75630000000001,9.48517,8.66343,0.0,0.0,0.0,100.0,100.0,72.2268,-10.226799999999997,10.226799999999997,16.49484,14.15929
2019-12-02,10,LOS ANDES,2019-12-02T05:45:02.000Z,2019-12-02T05:45:17.000Z,261.0,482.0,255,268,225.0,43.0,4.0,True,True,False,193.89090000000002,31.109099999999984,31.109099999999984,13.82627,16.04464,4.3208,-0.3208000000000002,0.3208000000000002,8.02,7.42455,36.78,6.219999999999999,6.219999999999999,14.46512,16.91136
2019-12-02,10,PAN DE AZUCAR,2019-12-02T05:46:59.000Z,2019-12-02T05:47:11.000Z,482.0,530.0,55,57,48.0,9.0,0.0,True,True,False,23.0,25.0,25.0,52.08333,108.69565,0.536,-0.536,0.536,100.0,100.0,0.0,9.0,9.0,100.0,100.0
2019-12-02,11,SAN ISIDRO,2019-12-02T05:45:15.000Z,2019-12-02T05:45:54.000Z,0.0,213.0,231,276,213.0,63.0,0.0,True,True,False,238.9736,-25.973600000000005,25.973600000000005,12.19418,10.86882,0.0,0.0,0.0,100.0,100.0,61.2531,1.7468999999999966,1.7468999999999966,2.77286,2.85194
2019-12-02,11,LOS ANDES,2019-12-02T05:48:30.000Z,2019-12-02T05:48:51.000Z,213.0,356.0,171,187,145.0,42.0,2.0,True,True,False,158.1535,-13.153500000000008,13.153500000000008,9.07138,8.31692,2.6817,-0.6817000000000002,0.6817000000000002,34.085,25.42044,30.6265,11.3735,11.3735,27.07976,37.13614
2019-12-02,11,PAN DE AZUCAR,2019-12-02T05:50:39.000Z,2019-12-02T05:50:51.000Z,356.0,407.0,53,54,51.0,3.0,0.0,True,True,False,48.0,3.0,3.0,5.88235,6.25,0.7313,-0.7313,0.7313,100.0,100.0,0.0,3.0,3.0,100.0,100.0
2019-12-02,11,SAN MIGUELITO,2019-12-02T05:52:42.000Z,2019-12-02T05:53:03.000Z,407.0,490.0,228,229,165.0,64.0,82.0,True,True,False,154.1172,10.882800000000003,10.882800000000003,6.59564,7.06138,85.4414,-3.4414000000000016,3.4414000000000016,4.19683,4.02779,49.8227,14.177300000000002,14.177300000000002,22.15203,28.4555
2019-12-02,12,PAN DE AZUCAR,2019-12-02T05:53:24.000Z,2019-12-02T05:53:36.000Z,312.0,340.0,31,35,29.0,6.0,1.0,True,True,False,35.0,-6.0,6.0,20.68966,17.14286,0.997,0.0030000000000000027,0.0030000000000000027,0.3,0.3009,0.0,6.0,6.0,100.0,100.0
2019-12-02,12,LOS ANDES,2019-12-02T05:51:30.000Z,2019-12-02T05:51:39.000Z,192.0,312.0,151,160,121.0,39.0,1.0,True,True,False,127.4687,-6.468699999999998,6.468699999999998,5.34603,5.07474,1.2656,-0.26560000000000006,0.26560000000000006,26.56,20.98609,25.157899999999998,13.842100000000002,13.842100000000002,35.49256,55.02089
2019-12-02,12,SAN ISIDRO,2019-12-02T05:47:00.000Z,2019-12-02T05:49:00.000Z,0.0,192.0,125,247,192.0,55.0,0.0,True,True,False,202.54500000000002,-10.545000000000016,10.545000000000016,5.49219,5.20625,0.0,0.0,0.0,100.0,100.0,52.7081,2.2918999999999983,2.2918999999999983,4.16709,4.34829
2019-12-02,12,SAN MIGUELITO,2019-12-02T05:55:27.000Z,2019-12-02T05:55:42.000Z,340.0,381.0,156,179,116.0,63.0,75.0,True,True,False,136.1543,-20.154300000000006,20.154300000000006,17.3744,14.80254,79.3693,-4.3692999999999955,4.3692999999999955,5.82573,5.50503,32.6684,30.3316,30.3316,48.1454,92.84691
2019-12-02,13,SAN MIGUELITO,2019-12-02T05:58:03.000Z,2019-12-02T05:58:24.000Z,300.0,301.0,150,156,73.0,83.0,72.0,True,True,False,114.7983,-41.7983,41.7983,57.25795,36.41021,65.1333,6.8666999999999945,6.8666999999999945,9.53708,10.54253,10.8701,72.12989999999999,72.12989999999999,86.90349,663.56243
2019-12-02,13,LOS ANDES,2019-12-02T05:53:48.000Z,2019-12-02T05:54:06.000Z,175.0,282.0,130,137,108.0,29.0,1.0,True,True,False,104.0781,3.9218999999999937,3.9218999999999937,3.63139,3.76823,0.9965,0.0034999999999999476,0.0034999999999999476,0.35,0.35123,21.0797,7.920300000000001,7.920300000000001,27.31138,37.57312
2019-12-02,13,PAN DE AZUCAR,2019-12-02T05:55:45.000Z,2019-12-02T05:56:09.000Z,282.0,300.0,21,23,20.0,3.0,2.0,True,True,False,19.0,1.0,1.0,5.0,5.26316,0.9965,1.0034999999999998,1.0034999999999998,50.175,100.70246,0.0,3.0,3.0,100.0,100.0
2019-12-02,13,SAN ISIDRO,2019-12-02T05:50:06.000Z,2019-12-02T05:51:15.000Z,0.0,175.0,148,217,175.0,42.0,0.0,True,True,False,173.7536,1.2463999999999942,1.2463999999999942,0.71223,0.71734,0.0,0.0,0.0,100.0,100.0,45.9546,-3.9545999999999992,3.9545999999999992,9.41571,8.60545
2019-12-02,14,SAN ISIDRO,2019-12-02T05:53:11.000Z,2019-12-02T05:53:29.000Z,0.0,150.0,167,189,150.0,39.0,0.0,True,True,False,156.9431,-6.943099999999987,6.943099999999987,4.62873,4.42396,0.0,0.0,0.0,100.0,100.0,42.0114,-3.011400000000002,3.011400000000002,7.72154,7.16805
2019-12-02,14,LOS ANDES,2019-12-02T05:56:05.000Z,2019-12-02T05:56:47.000Z,150.0,243.0,94,119,96.0,23.0,3.0,True,True,False,97.58520000000001,-1.5852000000000146,1.5852000000000146,1.65125,1.62443,3.1768,-0.17680000000000007,0.17680000000000007,5.89333,5.56535,20.494500000000002,2.505499999999998,2.505499999999998,10.89348,12.22523
2019-12-02,14,PAN DE AZUCAR,2019-12-02T05:58:32.000Z,2019-12-02T05:58:53.000Z,243.0,261.0,23,24,18.0,6.0,0.0,True,True,False,22.0,-4.0,4.0,22.22222,18.18182,0.2752,-0.2752,0.2752,100.0,100.0,0.0,6.0,6.0,100.0,100.0
2019-12-02,14,SAN MIGUELITO,2019-12-02T06:00:44.000Z,2019-12-02T06:01:02.000Z,261.0,308.0,134,140,106.0,34.0,59.0,True,True,False,70.8701,35.129900000000006,35.129900000000006,33.14142,49.56942,62.596,-3.5959999999999965,3.5959999999999965,6.09492,5.74478,0.0,34.0,34.0,100.0,100.0
2019-12-02,15,SAN ISIDRO,2019-12-02T05:56:12.000Z,2019-12-02T05:56:36.000Z,0.0,219.0,238,271,219.0,52.0,0.0,True,True,False,220.1692,-1.1691999999999894,1.1691999999999894,0.53388,0.53105,0.0,0.0,0.0,100.0,100.0,56.8422,-4.842199999999998,4.842199999999998,9.31192,8.51867
2019-12-02,15,LOS ANDES,2019-12-02T05:59:06.000Z,2019-12-02T05:59:24.000Z,219.0,310.0,116,140,96.0,44.0,5.0,True,True,False,117.4524,-21.452399999999997,21.452399999999997,22.34625,18.26476,3.3727,1.6273,1.6273,32.546,48.24918,22.042099999999998,21.957900000000002,21.957900000000002,49.90432,99.618
2019-12-02,15,SAN MIGUELITO,2019-12-02T06:03:24.000Z,2019-12-02T06:03:42.000Z,359.0,322.0,68,71,42.0,29.0,79.0,True,True,False,38.0,4.0,4.0,9.52381,10.52632,84.669,-5.668999999999997,5.668999999999997,7.17595,6.69548,0.0,29.0,29.0,100.0,100.0
2019-12-02,15,PAN DE AZUCAR,2019-12-02T06:01:03.000Z,2019-12-02T06:01:33.000Z,310.0,359.0,51,54,49.0,5.0,0.0,True,True,False,48.8196,0.18039999999999878,0.18039999999999878,0.36816,0.36952,0.7581,-0.7581,0.7581,100.0,100.0,0.1804,4.8196,4.8196,96.392,2671.61863
2019-12-02,16,PAN DE AZUCAR,2019-12-02T06:03:38.000Z,2019-12-02T06:04:08.000Z,342.0,372.0,37,39,32.0,7.0,2.0,True,True,False,35.1804,-3.180399999999999,3.180399999999999,9.93875,9.04026,0.9772,1.0228000000000002,1.0228000000000002,51.14,104.66639,0.0,7.0,7.0,100.0,100.0
2019-12-02,16,SAN MIGUELITO,2019-12-02T06:06:08.000Z,2019-12-02T06:06:23.000Z,372.0,349.0,100,103,61.0,42.0,84.0,True,True,False,74.0,-13.0,13.0,21.31148,17.56757,77.8386,6.1614,6.1614,7.335,7.91561,0.0,42.0,42.0,100.0,100.0
2019-12-02,16,LOS ANDES,2019-12-02T06:01:26.000Z,2019-12-02T06:01:59.000Z,193.0,342.0,168,188,150.0,38.0,1.0,True,True,False,140.8413,9.15870000000001,9.15870000000001,6.1058,6.50285,1.461,-0.4610000000000001,0.4610000000000001,46.1,31.55373,28.2007,9.799299999999999,9.799299999999999,25.78763,34.74843
2019-12-02,16,SAN ISIDRO,2019-12-02T05:58:41.000Z,2019-12-02T05:58:56.000Z,0.0,193.0,222,244,193.0,51.0,0.0,True,True,False,204.6422,-11.642200000000003,11.642200000000003,6.03223,5.68905,0.0,0.0,0.0,100.0,100.0,53.2,-2.200000000000003,2.200000000000003,4.31373,4.13534
2019-12-02,17,PAN DE AZUCAR,2019-12-02T06:06:53.000Z,2019-12-02T06:07:05.000Z,402.0,424.0,29,32,22.0,10.0,0.0,True,True,False,25.0,-3.0,3.0,13.63636,12.0,1.0176,-1.0176,1.0176,100.0,100.0,0.0,10.0,10.0,100.0,100.0
2019-12-02,17,SAN MIGUELITO,2019-12-02T06:08:59.000Z,2019-12-02T06:09:20.000Z,424.0,486.0,162,168,148.0,20.0,86.0,True,True,False,119.5983,28.401700000000005,28.401700000000005,19.19034,23.74758,87.5856,-1.5855999999999995,1.5855999999999995,1.84372,1.81034,11.4017,8.5983,8.5983,42.9915,75.41244
2019-12-02,17,SAN ISIDRO,2019-12-02T06:02:05.000Z,2019-12-02T06:02:20.000Z,0.0,235.0,267,292,235.0,57.0,0.0,True,True,False,242.1919,-7.191900000000004,7.191900000000004,3.06038,2.9695,0.0,0.0,0.0,100.0,100.0,62.0079,-5.007899999999999,5.007899999999999,8.78579,8.07623
2019-12-02,17,LOS ANDES,2019-12-02T06:04:59.000Z,2019-12-02T06:05:14.000Z,235.0,402.0,200,205,168.0,37.0,1.0,True,True,False,168.3494,-0.3494000000000028,0.3494000000000028,0.20798,0.20754,2.5235,-1.5234999999999999,1.5234999999999999,152.35,60.3725,32.8514,4.148600000000002,4.148600000000002,11.21243,12.62838
2019-12-02,18,SAN ISIDRO,2019-12-02T06:04:40.000Z,2019-12-02T06:04:58.000Z,0.0,214.0,241,261,214.0,47.0,0.0,True,True,False,219.3565,-5.356500000000011,5.356500000000011,2.50304,2.44192,0.0,0.0,0.0,100.0,100.0,56.6515,-9.651499999999999,9.651499999999999,20.53511,17.03662
2019-12-02,18,LOS ANDES,2019-12-02T06:07:28.000Z,2019-12-02T06:07:43.000Z,214.0,349.0,153,172,139.0,33.0,4.0,True,True,False,143.646,-4.645999999999987,4.645999999999987,3.34245,3.23434,2.947,1.053,1.053,26.325,35.73125,28.2054,4.794599999999999,4.794599999999999,14.52909,16.99887
2019-12-02,18,PAN DE AZUCAR,2019-12-02T06:09:25.000Z,2019-12-02T06:09:46.000Z,349.0,379.0,41,48,31.0,17.0,1.0,True,True,False,39.0,-8.0,8.0,25.80645,20.51282,0.247,0.753,0.753,75.3,304.8583,0.0,17.0,17.0,100.0,100.0
2019-12-02,18,SAN MIGUELITO,2019-12-02T06:11:40.000Z,2019-12-02T06:11:55.000Z,379.0,357.0,216,221,65.0,156.0,87.0,True,True,False,158.1752,-93.17519999999999,93.17519999999999,143.34646,58.90633,85.4871,1.512900000000002,1.512900000000002,1.73897,1.76974,56.2265,99.7735,99.7735,63.95737,177.44925
2019-12-02,19,SAN ISIDRO,2019-12-02T06:07:25.000Z,2019-12-02T06:07:43.000Z,0.0,229.0,267,296,229.0,67.0,0.0,True,True,False,251.46779999999998,-22.467799999999983,22.467799999999983,9.81127,8.93466,0.0,0.0,0.0,100.0,100.0,64.1838,2.816199999999995,2.816199999999995,4.20328,4.38771
2019-12-02,19,SAN MIGUELITO,2019-12-02T06:14:22.000Z,2019-12-02T06:14:49.000Z,418.0,489.0,191,201,174.0,27.0,103.0,True,True,False,103.2265,70.7735,70.7735,40.67443,68.56137,102.3656,0.6343999999999994,0.6343999999999994,0.61592,0.61974,0.0,27.0,27.0,100.0,100.0
2019-12-02,19,PAN DE AZUCAR,2019-12-02T06:12:13.000Z,2019-12-02T06:12:28.000Z,372.0,418.0,56,57,49.0,8.0,3.0,True,True,False,42.0,7.0,7.0,14.28571,16.66667,2.2566,0.7433999999999998,0.7433999999999998,24.78,32.94337,0.0,8.0,8.0,100.0,100.0
2019-12-02,19,LOS ANDES,2019-12-02T06:10:13.000Z,2019-12-02T06:10:31.000Z,229.0,372.0,167,186,146.0,40.0,3.0,True,True,False,158.2031,-12.203100000000006,12.203100000000006,8.35829,7.71357,2.2986,0.7014,0.7014,23.38,30.51423,30.002299999999998,9.997700000000002,9.997700000000002,24.99425,33.32311
2019-12-02,20,SAN ISIDRO,2019-12-02T06:10:22.000Z,2019-12-02T06:10:34.000Z,0.0,269.0,300,310,269.0,41.0,0.0,True,True,False,252.7089,16.2911,16.2911,6.05617,6.44659,0.0,0.0,0.0,100.0,100.0,64.4749,-23.474900000000005,23.474900000000005,57.25585,36.40936
2019-12-02,20,LOS ANDES,2019-12-02T06:13:04.000Z,2019-12-02T06:13:19.000Z,269.0,457.0,216,230,192.0,38.0,4.0,True,True,False,194.4911,-2.4910999999999888,2.4910999999999888,1.29745,1.28083,3.4763,0.5236999999999998,0.5236999999999998,13.0925,15.06487,38.5111,-0.511099999999999,0.511099999999999,1.345,1.32715
2019-12-02,20,PAN DE AZUCAR,2019-12-02T06:14:58.000Z,2019-12-02T06:15:16.000Z,457.0,497.0,54,57,40.0,17.0,0.0,True,True,False,50.0,-10.0,10.0,25.0,20.0,1.4886,-1.4886,1.4886,100.0,100.0,0.0,17.0,17.0,100.0,100.0
2019-12-02,20,SAN MIGUELITO,2019-12-02T06:17:07.000Z,2019-12-02T06:17:25.000Z,497.0,499.0,175,182,112.0,70.0,110.0,True,True,False,134.0856,-22.0856,22.0856,19.71929,16.47127,104.9557,5.044300000000007,5.044300000000007,4.58573,4.80612,25.9144,44.0856,44.0856,62.97943,170.12009
2019-12-02,21,SAN MIGUELITO,2019-12-02T06:19:51.000Z,2019-12-02T06:20:12.000Z,373.0,501.0,249,256,232.0,24.0,104.0,True,True,False,159.9748,72.02520000000001,72.02520000000001,31.04534,45.02284,114.8267,-10.826700000000002,10.826700000000002,10.41029,9.42873,57.9396,-33.9396,33.9396,141.415,58.57755
2019-12-02,21,PAN DE AZUCAR,2019-12-02T06:17:45.000Z,2019-12-02T06:17:57.000Z,327.0,373.0,55,61,47.0,14.0,1.0,True,True,False,45.0,2.0,2.0,4.25532,4.44444,0.2548,0.7452,0.7452,74.52,292.46468,0.0,14.0,14.0,100.0,100.0
2019-12-02,21,LOS ANDES,2019-12-02T06:15:48.000Z,2019-12-02T06:16:06.000Z,184.0,327.0,170,191,143.0,48.0,0.0,True,True,False,166.3725,-23.372500000000002,23.372500000000002,16.34441,14.0483,1.7545,-1.7545,1.7545,100.0,100.0,33.1388,14.861199999999997,14.861199999999997,30.96083,44.84532
2019-12-02,21,SAN ISIDRO,2019-12-02T06:13:00.000Z,2019-12-02T06:13:18.000Z,0.0,184.0,220,246,184.0,62.0,0.0,True,True,False,226.21460000000002,-42.21460000000002,42.21460000000002,22.94272,18.66131,0.0,0.0,0.0,100.0,100.0,58.2602,3.7398000000000025,3.7398000000000025,6.03194,6.41913
2019-12-02,22,SAN ISIDRO,2019-12-02T06:15:24.000Z,2019-12-02T06:15:42.000Z,0.0,215.0,253,277,215.0,62.0,0.0,True,True,False,226.8508,-11.850799999999992,11.850799999999992,5.512,5.22405,0.0,0.0,0.0,100.0,100.0,58.4094,3.590600000000002,3.590600000000002,5.79129,6.1473
2019-12-02,22,LOS ANDES,2019-12-02T06:18:12.000Z,2019-12-02T06:18:24.000Z,215.0,361.0,179,195,147.0,48.0,1.0,True,True,False,161.2364,-14.236400000000003,14.236400000000003,9.68463,8.82952,1.7502,-0.7502,0.7502,75.02,42.86367,31.902300000000004,16.097699999999996,16.097699999999996,33.53687,50.45937
2019-12-02,22,PAN DE AZUCAR,2019-12-02T06:20:03.000Z,2019-12-02T06:20:45.000Z,361.0,403.0,48,56,43.0,13.0,1.0,True,True,False,45.0,-2.0,2.0,4.65116,4.44444,0.7427,0.2573,0.2573,25.73,34.64387,0.0,13.0,13.0,100.0,100.0
2019-12-02,22,SAN MIGUELITO,2019-12-02T06:22:36.000Z,2019-12-02T06:22:51.000Z,403.0,457.0,175,179,158.0,21.0,104.0,True,True,False,158.2272,-0.2272000000000105,0.2272000000000105,0.1438,0.14359,103.8131,0.1868999999999943,0.1868999999999943,0.17971,0.18004,55.7124,-34.7124,34.7124,165.29714,62.30642
2019-12-02,23,SAN ISIDRO,2019-12-02T06:18:18.000Z,2019-12-02T06:18:33.000Z,0.0,253.0,299,324,253.0,71.0,0.0,True,True,False,270.7116,-17.711599999999976,17.711599999999976,7.00063,6.54261,0.0,0.0,0.0,100.0,100.0,68.6978,2.302199999999999,2.302199999999999,3.24254,3.3512
2019-12-02,23,LOS ANDES,2019-12-02T06:21:02.000Z,2019-12-02T06:21:17.000Z,253.0,427.0,214,235,175.0,60.0,1.0,True,True,False,202.50850000000003,-27.508500000000026,27.508500000000026,15.71914,13.58387,1.2701,-0.2701,0.2701,27.01,21.26604,39.3938,20.6062,20.6062,34.34367,52.30823
2019-12-02,23,PAN DE AZUCAR,2019-12-02T06:22:56.000Z,2019-12-02T06:23:20.000Z,427.0,463.0,40,47,36.0,11.0,0.0,True,True,False,37.0,-1.0,1.0,2.77778,2.7027,0.2573,-0.2573,0.2573,100.0,100.0,0.0,11.0,11.0,100.0,100.0
2019-12-02,23,SAN MIGUELITO,2019-12-02T06:25:11.000Z,2019-12-02T06:25:41.000Z,463.0,484.0,174,185,129.0,56.0,108.0,True,True,False,165.2879,-36.28790000000001,36.28790000000001,28.13016,21.95436,105.5403,2.459699999999998,2.459699999999998,2.2775,2.33058,60.4245,-4.424500000000002,4.424500000000002,7.90089,7.32236
2019-12-02,24,SAN MIGUELITO,2019-12-02T06:28:03.000Z,2019-12-02T06:28:45.000Z,499.0,571.0,213,226,182.0,44.0,110.0,True,True,False,170.4655,11.534500000000008,11.534500000000008,6.33764,6.76647,118.651,-8.650999999999996,8.650999999999996,7.86455,7.29113,64.959,-20.959000000000003,20.959000000000003,47.63409,32.26497
2019-12-02,24,PAN DE AZUCAR,2019-12-02T06:25:57.000Z,2019-12-02T06:26:09.000Z,464.0,499.0,47,52,36.0,16.0,1.0,True,True,False,45.0,-9.0,9.0,25.0,20.0,2.4233,-1.4232999999999998,1.4232999999999998,142.33,58.73396,0.0,16.0,16.0,100.0,100.0
2019-12-02,24,LOS ANDES,2019-12-02T06:23:57.000Z,2019-12-02T06:24:18.000Z,264.0,464.0,257,286,204.0,82.0,4.0,True,True,False,230.83069999999998,-26.83069999999998,26.83069999999998,13.1523,11.62354,3.2422,0.7578,0.7578,18.945,23.37302,45.563100000000006,36.436899999999994,36.436899999999994,44.43524,79.9702
2019-12-02,24,SAN ISIDRO,2019-12-02T06:21:09.000Z,2019-12-02T06:21:27.000Z,0.0,264.0,310,336,264.0,72.0,0.0,True,True,False,282.2852,-18.285199999999975,18.285199999999975,6.92621,6.47756,0.0,0.0,0.0,100.0,100.0,71.4125,0.5875000000000057,0.5875000000000057,0.81597,0.82269
2019-12-02,25,PAN DE AZUCAR,2019-12-02T06:28:40.000Z,2019-12-02T06:28:49.000Z,447.0,496.0,60,64,51.0,13.0,2.0,True,True,False,50.0,1.0,1.0,1.96078,2.0,0.5767,1.4233,1.4233,71.165,246.80076,0.0,13.0,13.0,100.0,100.0
2019-12-02,25,LOS ANDES,2019-12-02T06:26:43.000Z,2019-12-02T06:27:01.000Z,254.0,447.0,241,265,201.0,64.0,8.0,True,True,False,195.5292,5.470799999999997,5.470799999999997,2.72179,2.79795,7.6975,0.3025000000000002,0.3025000000000002,3.78125,3.92985,38.0339,25.966099999999997,25.966099999999997,40.57203,68.27094
2019-12-02,25,SAN ISIDRO,2019-12-02T06:23:58.000Z,2019-12-02T06:24:13.000Z,0.0,254.0,295,323,254.0,69.0,0.0,True,True,False,271.52430000000004,-17.52430000000004,17.52430000000004,6.89933,6.45404,0.0,0.0,0.0,100.0,100.0,68.8884,0.1115999999999957,0.1115999999999957,0.16174,0.162
2019-12-02,25,SAN MIGUELITO,2019-12-02T06:30:55.000Z,2019-12-02T06:31:10.000Z,496.0,457.0,149,282,81.0,201.0,120.0,True,True,False,202.3187,-121.3187,121.3187,149.77617,59.96416,116.3782,3.6217999999999932,3.6217999999999932,3.01817,3.11209,102.6402,98.3598,98.3598,48.93522,95.8297
2019-12-02,26,PAN DE AZUCAR,2019-12-02T06:31:34.000Z,2019-12-02T06:31:43.000Z,453.0,481.0,41,45,29.0,16.0,1.0,True,True,False,35.0,-6.0,6.0,20.68966,17.14286,0.7475,0.25249999999999995,0.25249999999999995,25.25,33.77926,0.0,16.0,16.0,100.0,100.0
2019-12-02,26,SAN MIGUELITO,2019-12-02T06:33:34.000Z,2019-12-02T06:34:04.000Z,481.0,556.0,239,374,184.0,190.0,109.0,True,True,False,190.4484,-6.448399999999992,6.448399999999992,3.50457,3.3859,120.9656,-11.965599999999995,11.965599999999995,10.97761,9.89174,89.1919,100.8081,100.8081,53.05689,113.02383
2019-12-02,26,SAN ISIDRO,2019-12-02T06:26:49.000Z,2019-12-02T06:27:07.000Z,0.0,248.0,293,319,248.0,71.0,0.0,True,True,False,275.9596,-27.959600000000023,27.959600000000023,11.27403,10.13177,0.0,0.0,0.0,100.0,100.0,69.9289,1.0711000000000013,1.0711000000000013,1.50859,1.5317
2019-12-02,26,LOS ANDES,2019-12-02T06:29:40.000Z,2019-12-02T06:29:55.000Z,248.0,453.0,247,266,208.0,58.0,3.0,True,True,False,209.1739,-1.1739000000000033,1.1739000000000033,0.56438,0.56121,4.5475,-1.5475000000000003,1.5475000000000003,51.58333,34.02969,40.86,17.14,17.14,29.55172,41.94812
2019-12-02,27,LOS ANDES,2019-12-02T06:32:45.000Z,2019-12-02T06:33:03.000Z,270.0,480.0,245,260,212.0,48.0,2.0,True,True,False,228.04270000000002,-16.042700000000025,16.042700000000025,7.56731,7.03495,0.7574,1.2426,1.2426,62.13,164.06126,43.8172,4.1828,4.1828,8.71417,9.54602
2019-12-02,27,PAN DE AZUCAR,2019-12-02T06:34:42.000Z,2019-12-02T06:34:57.000Z,480.0,531.0,64,69,51.0,18.0,0.0,True,True,False,61.0,-10.0,10.0,19.60784,16.39344,1.7588,-1.7588,1.7588,100.0,100.0,0.0,18.0,18.0,100.0,100.0
2019-12-02,27,SAN ISIDRO,2019-12-02T06:29:57.000Z,2019-12-02T06:30:15.000Z,0.0,270.0,321,351,270.0,81.0,0.0,True,True,False,301.9123,-31.912300000000016,31.912300000000016,11.81937,10.57006,0.0,0.0,0.0,100.0,100.0,76.0164,4.983599999999996,4.983599999999996,6.15259,6.55595
2019-12-02,27,SAN MIGUELITO,2019-12-02T06:36:48.000Z,2019-12-02T06:37:48.000Z,531.0,648.0,375,534,260.0,274.0,143.0,True,True,False,269.9726,-9.9726,9.9726,3.83562,3.69393,132.3205,10.67949999999999,10.67949999999999,7.46818,8.07093,176.2193,97.7807,97.7807,35.68639,55.48808
2019-12-02,28,PAN DE AZUCAR,2019-12-02T06:37:25.000Z,2019-12-02T06:38:13.000Z,433.0,476.0,51,72,46.0,26.0,3.0,True,True,False,56.0,-10.0,10.0,21.73913,17.85714,1.229,1.771,1.771,59.03333,144.1009,0.0,26.0,26.0,100.0,100.0
2019-12-02,28,LOS ANDES,2019-12-02T06:35:28.000Z,2019-12-02T06:35:46.000Z,246.0,433.0,239,251,189.0,62.0,2.0,True,True,False,223.80880000000002,-34.80880000000002,34.80880000000002,18.41735,15.55292,2.9415,-0.9415,0.9415,47.075,32.00748,45.0084,16.9916,16.9916,27.40581,37.75206
2019-12-02,28,SAN ISIDRO,2019-12-02T06:32:46.000Z,2019-12-02T06:32:58.000Z,0.0,246.0,293,316,246.0,70.0,0.0,True,True,False,259.8633,-13.863299999999981,13.863299999999981,5.63549,5.33484,0.0,0.0,0.0,100.0,100.0,66.1531,3.846900000000005,3.846900000000005,5.49557,5.81515
2019-12-02,28,SAN MIGUELITO,2019-12-02T06:40:04.000Z,2019-12-02T06:40:25.000Z,476.0,615.0,324,415,260.0,155.0,121.0,True,True,False,210.777,49.22300000000001,49.22300000000001,18.93192,23.35312,125.8038,-4.803799999999995,4.803799999999995,3.97008,3.81849,111.4423,43.5577,43.5577,28.10174,39.08543
2019-12-02,29,SAN MIGUELITO,2019-12-02T06:42:44.000Z,2019-12-02T06:43:14.000Z,518.0,595.0,238,347,197.0,150.0,120.0,True,True,False,204.5342,-7.5341999999999985,7.5341999999999985,3.82447,3.68359,119.9709,0.02909999999999968,0.02909999999999968,0.02425,0.02426,103.9081,46.091899999999995,46.091899999999995,30.72793,44.35833
2019-12-02,29,PAN DE AZUCAR,2019-12-02T06:40:23.000Z,2019-12-02T06:40:50.000Z,466.0,518.0,68,76,53.0,23.0,1.0,True,True,False,58.0,-5.0,5.0,9.43396,8.62069,1.0187,-0.01869999999999994,0.01869999999999994,1.87,1.83567,0.0,23.0,23.0,100.0,100.0
2019-12-02,29,LOS ANDES,2019-12-02T06:38:26.000Z,2019-12-02T06:38:44.000Z,274.0,466.0,210,228,195.0,33.0,3.0,True,True,False,194.4991,0.5009000000000015,0.5009000000000015,0.25687,0.25753,2.5666,0.4333999999999998,0.4333999999999998,14.44667,16.88615,36.5093,-3.509300000000003,3.509300000000003,10.63424,9.61207
2019-12-02,29,SAN ISIDRO,2019-12-02T06:35:32.000Z,2019-12-02T06:35:56.000Z,0.0,274.0,308,343,274.0,69.0,0.0,True,True,False,292.374,-18.374000000000024,18.374000000000024,6.70584,6.28442,0.0,0.0,0.0,100.0,100.0,73.7791,-4.7791,4.7791,6.92623,6.47758
2019-12-02,30,SAN MIGUELITO,2019-12-02T06:45:45.000Z,2019-12-02T06:46:06.000Z,472.0,549.0,348,350,182.0,168.0,105.0,True,True,False,204.9121,-22.91210000000001,22.91210000000001,12.58907,11.18143,109.4405,-4.4405,4.4405,4.22905,4.05746,103.996,64.004,64.004,38.09762,61.54467
2019-12-02,30,PAN DE AZUCAR,2019-12-02T06:42:57.000Z,2019-12-02T06:43:51.000Z,416.0,472.0,60,73,59.0,14.0,3.0,True,True,False,53.0,6.0,6.0,10.16949,11.32075,3.3263,-0.3262999999999998,0.3262999999999998,10.87667,9.8097,0.0,14.0,14.0,100.0,100.0
2019-12-02,30,LOS ANDES,2019-12-02T06:40:57.000Z,2019-12-02T06:41:18.000Z,225.0,416.0,236,263,192.0,71.0,1.0,True,True,False,238.6864,-46.68639999999999,46.68639999999999,24.31583,19.55972,1.2265,-0.22649999999999992,0.22649999999999992,22.65,18.46718,48.822900000000004,22.177099999999996,22.177099999999996,31.23535,45.42356
2019-12-02,30,SAN ISIDRO,2019-12-02T06:38:06.000Z,2019-12-02T06:38:24.000Z,0.0,225.0,263,292,225.0,67.0,0.0,True,True,False,251.571,-26.570999999999998,26.570999999999998,11.80933,10.56203,0.0,0.0,0.0,100.0,100.0,64.2079,2.792100000000005,2.792100000000005,4.16731,4.34853
2019-12-02,31,LOS ANDES,2019-12-02T06:43:24.000Z,2019-12-02T06:44:18.000Z,216.0,455.0,242,328,241.0,87.0,2.0,True,True,False,282.5148,-41.51479999999998,41.51479999999998,17.22606,14.69473,2.4746,-0.47460000000000013,0.47460000000000013,23.73,19.17886,60.3082,26.6918,26.6918,30.68023,44.25899
2019-12-02,31,PAN DE AZUCAR,2019-12-02T06:46:03.000Z,2019-12-02T06:46:48.000Z,455.0,493.0,45,65,41.0,24.0,3.0,True,True,False,55.0,-14.0,14.0,34.14634,25.45455,3.1874,-0.1873999999999998,0.1873999999999998,6.24667,5.8794,0.0,24.0,24.0,100.0,100.0
2019-12-02,31,SAN ISIDRO,2019-12-02T06:40:20.000Z,2019-12-02T06:40:47.000Z,0.0,216.0,245,268,216.0,52.0,0.0,True,True,False,228.4285,-12.428500000000014,12.428500000000014,5.75394,5.44087,0.0,0.0,0.0,100.0,100.0,58.7796,-6.779600000000002,6.779600000000002,13.03769,11.53393
2019-12-02,31,SAN MIGUELITO,2019-12-02T06:48:42.000Z,2019-12-02T06:49:00.000Z,493.0,563.0,319,325,187.0,138.0,117.0,True,True,False,186.8551,0.1449000000000069,0.1449000000000069,0.07749,0.07755,119.4328,-2.4328000000000003,2.4328000000000003,2.07932,2.03696,83.1409,54.8591,54.8591,39.75297,65.98329
2019-12-02,32,SAN MIGUELITO,2019-12-02T06:52:13.000Z,2019-12-02T06:52:43.000Z,661.0,692.0,379,388,208.0,180.0,177.0,True,True,False,227.0739,-19.07390000000001,19.07390000000001,9.17014,8.39986,187.0691,-10.069099999999992,10.069099999999992,5.68876,5.38256,120.067,59.93300000000001,59.93300000000001,33.29611,49.9163
2019-12-02,32,PAN DE AZUCAR,2019-12-02T06:49:52.000Z,2019-12-02T06:50:19.000Z,618.0,661.0,70,76,48.0,28.0,5.0,True,True,False,59.0,-11.0,11.0,22.91667,18.64407,6.3024,-1.3023999999999996,1.3023999999999996,26.048,20.66514,0.0,28.0,28.0,100.0,100.0
2019-12-02,32,SAN ISIDRO,2019-12-02T06:44:58.000Z,2019-12-02T06:45:22.000Z,0.0,334.0,388,424,334.0,90.0,0.0,True,True,False,403.8515,-69.85149999999999,69.85149999999999,20.91362,17.29633,0.0,0.0,0.0,100.0,100.0,99.9281,-9.9281,9.9281,11.03122,9.93524
2019-12-02,32,LOS ANDES,2019-12-02T06:47:52.000Z,2019-12-02T06:48:13.000Z,334.0,618.0,397,424,287.0,137.0,3.0,True,True,False,372.519,-85.519,85.519,29.79756,22.95695,3.1171,-0.1171000000000002,0.1171000000000002,3.90333,3.7567,72.7892,64.2108,64.2108,46.8692,88.21474
2019-12-02,33,SAN MIGUELITO,2019-12-02T06:55:13.000Z,2019-12-02T06:55:43.000Z,591.0,628.0,362,366,194.0,172.0,157.0,True,True,False,209.8132,-15.813199999999995,15.813199999999995,8.15113,7.5368,154.3853,2.614699999999999,2.614699999999999,1.66541,1.69362,108.2538,63.7462,63.7462,37.06174,58.88588
2019-12-02,33,SAN ISIDRO,2019-12-02T06:48:07.000Z,2019-12-02T06:48:28.000Z,0.0,300.0,336,370,300.0,70.0,0.0,True,True,False,326.2117,-26.211700000000008,26.211700000000008,8.73723,8.03518,0.0,0.0,0.0,100.0,100.0,81.7164,-11.716399999999993,11.716399999999993,16.73771,14.33788
2019-12-02,33,LOS ANDES,2019-12-02T06:51:04.000Z,2019-12-02T06:51:25.000Z,300.0,541.0,307,338,243.0,95.0,2.0,True,True,False,244.292,-1.2920000000000016,1.2920000000000016,0.53169,0.52888,2.143,-0.1429999999999998,0.1429999999999998,7.15,6.67289,46.4972,48.5028,48.5028,51.05558,104.31338
2019-12-02,33,PAN DE AZUCAR,2019-12-02T06:53:04.000Z,2019-12-02T06:53:19.000Z,541.0,591.0,70,75,56.0,19.0,6.0,True,True,False,51.0,5.0,5.0,8.92857,9.80392,5.8901,0.10989999999999966,0.10989999999999966,1.83167,1.86584,0.0,19.0,19.0,100.0,100.0
2019-12-02,34,SAN ISIDRO,2019-12-02T06:51:24.000Z,2019-12-02T06:51:39.000Z,0.0,303.0,350,375,303.0,72.0,0.0,True,True,False,334.1402,-31.140199999999993,31.140199999999993,10.27729,9.3195,0.0,0.0,0.0,100.0,100.0,83.5761,-11.576099999999997,11.576099999999997,16.07792,13.85097
2019-12-02,34,LOS ANDES,2019-12-02T06:54:12.000Z,2019-12-02T06:54:27.000Z,303.0,537.0,313,328,237.0,91.0,3.0,True,True,False,264.597,-27.59699999999998,27.59699999999998,11.6443,10.42982,2.7844,0.2155999999999998,0.2155999999999998,7.18667,7.74314,50.9003,40.0997,40.0997,44.0656,78.78087
2019-12-02,34,PAN DE AZUCAR,2019-12-02T06:56:12.000Z,2019-12-02T06:56:24.000Z,537.0,595.0,84,92,63.0,29.0,5.0,True,True,False,80.0,-17.0,17.0,26.98413,21.25,4.6044,0.39559999999999995,0.39559999999999995,7.912,8.59178,0.0,29.0,29.0,100.0,100.0
2019-12-02,34,SAN MIGUELITO,2019-12-02T06:58:18.000Z,2019-12-02T06:58:45.000Z,595.0,676.0,501,503,240.0,263.0,159.0,True,True,False,272.029,-32.028999999999996,32.028999999999996,13.34542,11.77411,160.8655,-1.8654999999999973,1.8654999999999973,1.17327,1.15966,176.2249,86.77510000000001,86.77510000000001,32.99433,49.24111
2019-12-02,35,SAN ISIDRO,2019-12-02T06:54:06.000Z,2019-12-02T06:54:24.000Z,0.0,247.0,291,320,247.0,73.0,0.0,True,True,False,295.1467,-48.14670000000001,48.14670000000001,19.49259,16.3128,0.0,0.0,0.0,100.0,100.0,74.4294,-1.4294000000000011,1.4294000000000011,1.95808,1.92048
2019-12-02,35,LOS ANDES,2019-12-02T06:56:55.000Z,2019-12-02T06:57:10.000Z,247.0,432.0,255,273,187.0,86.0,2.0,True,True,False,215.56640000000002,-28.566400000000016,28.566400000000016,15.27615,13.25179,2.9655,-0.9655,0.9655,48.275,32.55775,41.3338,44.6662,44.6662,51.93744,108.06217
2019-12-02,35,PAN DE AZUCAR,2019-12-02T06:58:49.000Z,2019-12-02T06:59:13.000Z,432.0,486.0,74,79,60.0,19.0,6.0,True,True,False,63.0,-3.0,3.0,5.0,4.7619,4.7534,1.2466,1.2466,20.77667,26.22544,0.0,19.0,19.0,100.0,100.0
2019-12-02,35,SAN MIGUELITO,2019-12-02T07:01:07.000Z,2019-12-02T07:01:40.000Z,486.0,667.0,546,560,300.0,260.0,119.0,True,True,False,287.9837,12.016300000000001,12.016300000000001,4.00543,4.17256,126.5928,-7.592799999999997,7.592799999999997,6.3805,5.99781,197.2412,62.75880000000001,62.75880000000001,24.138,31.8183
2019-12-02,36,PAN DE AZUCAR,2019-12-02T07:01:28.000Z,2019-12-02T07:02:10.000Z,422.0,466.0,59,69,47.0,22.0,3.0,True,True,False,58.0,-11.0,11.0,23.40426,18.96552,3.3768,-0.3767999999999998,0.3767999999999998,12.56,11.15849,0.0,22.0,22.0,100.0,100.0
2019-12-02,36,LOS ANDES,2019-12-02T06:59:28.000Z,2019-12-02T06:59:49.000Z,217.0,422.0,260,294,207.0,87.0,2.0,True,True,False,233.3761,-26.376100000000008,26.376100000000008,12.74208,11.30197,2.9755,-0.9754999999999998,0.9754999999999998,48.775,32.78441,47.957699999999996,39.042300000000004,39.042300000000004,44.87621,81.40987
2019-12-02,36,SAN ISIDRO,2019-12-02T06:56:34.000Z,2019-12-02T06:56:58.000Z,0.0,217.0,245,282,217.0,65.0,0.0,True,True,False,245.618,-28.617999999999995,28.617999999999995,13.18802,11.65143,0.0,0.0,0.0,100.0,100.0,62.8117,2.188299999999998,2.188299999999998,3.36662,3.48391
2019-12-02,36,SAN MIGUELITO,2019-12-02T07:04:04.000Z,2019-12-02T07:04:37.000Z,466.0,603.0,466,481,262.0,219.0,125.0,True,True,False,261.0715,0.9284999999999854,0.9284999999999854,0.35439,0.35565,121.2319,3.768100000000004,3.768100000000004,3.01448,3.10818,168.1696,50.8304,50.8304,23.21023,30.22568
2019-12-02,37,SAN ISIDRO,2019-12-02T06:59:21.000Z,2019-12-02T06:59:45.000Z,0.0,235.0,271,308,235.0,73.0,0.0,True,True,False,268.6074,-33.607399999999984,33.607399999999984,14.30102,12.51172,0.0,0.0,0.0,100.0,100.0,68.2041,4.795900000000003,4.795900000000003,6.56973,7.03169
2019-12-02,37,LOS ANDES,2019-12-02T07:02:18.000Z,2019-12-02T07:02:36.000Z,235.0,445.0,259,276,211.0,65.0,1.0,True,True,False,234.0779,-23.0779,23.0779,10.93739,9.85907,0.8053,0.19469999999999998,0.19469999999999998,19.47,24.17733,46.8799,18.1201,18.1201,27.87708,38.65217
2019-12-02,37,PAN DE AZUCAR,2019-12-02T07:04:15.000Z,2019-12-02T07:05:15.000Z,445.0,511.0,78,107,68.0,39.0,2.0,True,True,False,90.291,-22.290999999999997,22.290999999999997,32.78088,24.68795,2.3552,-0.35519999999999996,0.35519999999999996,17.76,15.08152,1.7089999999999999,37.291,37.291,95.61795,2182.03628
2019-12-02,37,SAN MIGUELITO,2019-12-02T07:07:06.000Z,2019-12-02T07:07:33.000Z,511.0,665.0,560,572,270.0,302.0,116.0,True,True,False,308.3685,-38.36849999999998,38.36849999999998,14.21056,12.44242,116.8785,-0.8785000000000025,0.8785000000000025,0.75733,0.75164,218.8012,83.1988,83.1988,27.54927,38.02484
2019-12-02,38,PAN DE AZUCAR,2019-12-02T07:07:30.000Z,2019-12-02T07:08:00.000Z,482.0,533.0,74,86,52.0,34.0,1.0,True,True,False,53.709,-1.7090000000000032,1.7090000000000032,3.28654,3.18196,1.2498,-0.24980000000000002,0.24980000000000002,24.98,19.9872,0.0,34.0,34.0,100.0,100.0
2019-12-02,38,SAN ISIDRO,2019-12-02T07:02:00.000Z,2019-12-02T07:02:12.000Z,0.0,244.0,288,305,244.0,61.0,0.0,True,True,False,255.15529999999998,-11.155299999999983,11.155299999999983,4.57184,4.37196,0.0,0.0,0.0,100.0,100.0,65.0488,-4.0488,4.0488,6.63738,6.22425
2019-12-02,38,LOS ANDES,2019-12-02T07:04:42.000Z,2019-12-02T07:05:42.000Z,244.0,482.0,253,316,240.0,76.0,2.0,True,True,False,276.3796,-36.37959999999998,36.37959999999998,15.15817,13.16291,1.4837,0.5163,0.5163,25.815,34.79814,57.5003,18.499699999999997,18.499699999999997,24.34171,32.17322
2019-12-02,38,SAN MIGUELITO,2019-12-02T07:09:51.000Z,2019-12-02T07:10:21.000Z,533.0,664.0,616,625,267.0,358.0,136.0,True,True,False,319.0363,-52.03629999999998,52.03629999999998,19.48925,16.31046,131.5206,4.479399999999998,4.479399999999998,3.29368,3.40585,231.7648,126.23519999999999,126.23519999999999,35.26123,54.46694
2019-12-02,39,SAN MIGUELITO,2019-12-02T07:12:42.000Z,2019-12-02T07:13:15.000Z,501.0,685.0,600,608,298.0,310.0,114.0,True,True,False,291.6605,6.339499999999987,6.339499999999987,2.12735,2.17359,118.8641,-4.864099999999993,4.864099999999993,4.26675,4.09215,200.1044,109.8956,109.8956,35.45019,54.91913
2019-12-02,39,SAN ISIDRO,2019-12-02T07:05:09.000Z,2019-12-02T07:05:24.000Z,0.0,274.0,330,350,274.0,76.0,0.0,True,True,False,318.2095,-44.20949999999999,44.20949999999999,16.13485,13.89321,0.0,0.0,0.0,100.0,100.0,79.83930000000001,-3.8393000000000086,3.8393000000000086,5.05171,4.80878
2019-12-02,39,PAN DE AZUCAR,2019-12-02T07:10:06.000Z,2019-12-02T07:10:48.000Z,446.0,501.0,71,86,57.0,29.0,2.0,True,True,False,61.0,-4.0,4.0,7.01754,6.55738,1.7208,0.2791999999999999,0.2791999999999999,13.96,16.22501,0.0,29.0,29.0,100.0,100.0
2019-12-02,39,LOS ANDES,2019-12-02T07:07:54.000Z,2019-12-02T07:08:27.000Z,274.0,446.0,204,241,174.0,67.0,2.0,True,True,False,212.9622,-38.962199999999996,38.962199999999996,22.39207,18.29536,2.0367,-0.03670000000000018,0.03670000000000018,1.835,1.80193,39.5381,27.4619,27.4619,40.98791,69.4568
2019-12-02,40,LOS ANDES,2019-12-02T07:10:39.000Z,2019-12-02T07:11:24.000Z,230.0,477.0,259,328,248.0,80.0,1.0,True,True,False,275.3917,-27.391700000000014,27.391700000000014,11.04504,9.94645,1.9554,-0.9554,0.9554,95.54,48.85957,56.1464,23.8536,23.8536,29.817,42.48465
2019-12-02,40,SAN ISIDRO,2019-12-02T07:07:51.000Z,2019-12-02T07:08:09.000Z,0.0,230.0,282,308,230.0,78.0,0.0,True,True,False,278.3498,-48.349800000000016,48.349800000000016,21.02165,17.37016,0.0,0.0,0.0,100.0,100.0,70.48949999999999,7.5105000000000075,7.5105000000000075,9.62885,10.65478
2019-12-02,40,SAN MIGUELITO,2019-12-02T07:15:39.000Z,2019-12-02T07:16:51.000Z,535.0,725.0,574,614,323.0,291.0,133.0,True,True,False,303.0521,19.947900000000004,19.947900000000004,6.17582,6.58233,131.6322,1.3677999999999884,1.3677999999999884,1.02842,1.03911,212.0522,78.9478,78.9478,27.12983,37.23036
2019-12-02,40,PAN DE AZUCAR,2019-12-02T07:13:03.000Z,2019-12-02T07:13:48.000Z,477.0,535.0,79,90,60.0,30.0,2.0,True,True,False,74.0,-14.0,14.0,23.33333,18.91892,3.5011,-1.5011,1.5011,75.055,42.8751,0.0,30.0,30.0,100.0,100.0
2019-12-02,41,LOS ANDES,2019-12-02T07:13:37.000Z,2019-12-02T07:14:37.000Z,263.0,525.0,288,378,266.0,112.0,4.0,True,True,False,351.9778,-85.9778,85.9778,32.32248,24.42705,2.0275,1.9725000000000001,1.9725000000000001,49.3125,97.2873,73.1687,38.8313,38.8313,34.6708,53.07092
2019-12-02,41,SAN ISIDRO,2019-12-02T07:10:46.000Z,2019-12-02T07:11:04.000Z,0.0,263.0,318,348,263.0,85.0,0.0,True,True,False,297.5065,-34.50650000000002,34.50650000000002,13.12034,11.59857,0.0,0.0,0.0,100.0,100.0,74.9831,10.016900000000007,10.016900000000007,11.78459,13.35888
2019-12-02,41,PAN DE AZUCAR,2019-12-02T07:16:16.000Z,2019-12-02T07:17:31.000Z,525.0,584.0,69,84,62.0,22.0,3.0,True,True,False,60.0,2.0,2.0,3.22581,3.33333,3.2835,-0.2835000000000001,0.2835000000000001,9.45,8.63408,0.0,22.0,22.0,100.0,100.0
2019-12-02,41,SAN MIGUELITO,2019-12-02T07:19:25.000Z,2019-12-02T07:20:07.000Z,584.0,687.0,535,773,237.0,536.0,134.0,True,True,False,391.8176,-154.81760000000003,154.81760000000003,65.32388,39.51267,145.9908,-11.990800000000007,11.990800000000007,8.94836,8.21339,314.2346,221.7654,221.7654,41.37414,70.5732
2019-12-02,42,SAN ISIDRO,2019-12-02T07:13:40.000Z,2019-12-02T07:14:07.000Z,0.0,281.0,312,356,281.0,75.0,0.0,True,True,False,307.62620000000004,-26.62620000000004,26.62620000000004,9.47552,8.65537,0.0,0.0,0.0,100.0,100.0,77.35679999999999,-2.3567999999999927,2.3567999999999927,3.1424,3.04666
2019-12-02,42,PAN DE AZUCAR,2019-12-02T07:19:34.000Z,2019-12-02T07:20:46.000Z,547.0,610.0,75,109,65.0,44.0,2.0,True,True,False,96.0,-31.0,31.0,47.69231,32.29167,1.4453,0.5547,0.5547,27.735,38.37958,0.0,44.0,44.0,100.0,100.0
2019-12-02,42,SAN MIGUELITO,2019-12-02T07:22:37.000Z,2019-12-02T07:23:13.000Z,610.0,728.0,666,785,260.0,525.0,142.0,True,True,False,333.3057,-73.3057,73.3057,28.1945,21.99353,143.7528,-1.7528000000000077,1.7528000000000077,1.23437,1.21932,242.9289,282.0711,282.0711,53.72783,116.11262
2019-12-02,42,LOS ANDES,2019-12-02T07:16:40.000Z,2019-12-02T07:17:55.000Z,281.0,547.0,275,368,269.0,99.0,3.0,True,True,False,311.8418,-42.84179999999998,42.84179999999998,15.92632,13.73831,3.4984,-0.4984000000000002,0.4984000000000002,16.61333,14.24651,63.326899999999995,35.673100000000005,35.673100000000005,36.03343,56.33167
2019-12-02,43,SAN MIGUELITO,2019-12-02T07:25:31.000Z,2019-12-02T07:26:16.000Z,627.0,778.0,837,854,297.0,557.0,146.0,True,True,False,335.8823,-38.88229999999999,38.88229999999999,13.09168,11.57617,143.3084,2.691599999999994,2.691599999999994,1.84356,1.87819,247.0466,309.9534,309.9534,55.64693,125.46354
2019-12-02,43,PAN DE AZUCAR,2019-12-02T07:23:01.000Z,2019-12-02T07:23:37.000Z,551.0,627.0,97,104,77.0,27.0,1.0,True,True,False,66.0,11.0,11.0,14.28571,16.66667,0.2495,0.7505,0.7505,75.05,300.8016,0.0,27.0,27.0,100.0,100.0
2019-12-02,43,SAN ISIDRO,2019-12-02T07:17:03.000Z,2019-12-02T07:17:18.000Z,0.0,296.0,342,368,296.0,72.0,0.0,True,True,False,326.5589,-30.558899999999994,30.558899999999994,10.32395,9.35785,0.0,0.0,0.0,100.0,100.0,81.7978,-9.797799999999995,9.797799999999995,13.60806,11.97807
2019-12-02,43,LOS ANDES,2019-12-02T07:19:49.000Z,2019-12-02T07:21:10.000Z,296.0,551.0,245,348,258.0,90.0,3.0,True,True,False,294.0467,-36.04669999999999,36.04669999999999,13.97159,12.25884,4.7625,-1.7625000000000002,1.7625000000000002,58.75,37.00787,58.2803,31.719700000000003,31.719700000000003,35.24411,54.42611
2019-12-02,44,PAN DE AZUCAR,2019-12-02T07:26:00.000Z,2019-12-02T07:26:48.000Z,474.0,532.0,76,93,59.0,34.0,1.0,True,True,False,76.0,-17.0,17.0,28.81356,22.36842,2.9485,-1.9485000000000001,1.9485000000000001,194.85,66.08445,0.0,34.0,34.0,100.0,100.0
2019-12-02,44,LOS ANDES,2019-12-02T07:22:36.000Z,2019-12-02T07:24:09.000Z,246.0,474.0,190,322,230.0,92.0,2.0,True,True,False,276.9599,-46.959900000000005,46.959900000000005,20.41735,16.95549,1.2356,0.7644,0.7644,38.22,61.86468,56.3204,35.6796,35.6796,38.78217,63.35111
2019-12-02,44,SAN ISIDRO,2019-12-02T07:19:45.000Z,2019-12-02T07:20:00.000Z,0.0,246.0,289,313,246.0,67.0,0.0,True,True,False,281.5562,-35.55619999999999,35.55619999999999,14.45374,12.62846,0.0,0.0,0.0,100.0,100.0,71.2416,-4.241600000000005,4.241600000000005,6.33075,5.95382
2019-12-02,44,SAN MIGUELITO,2019-12-02T07:28:42.000Z,2019-12-02T07:29:15.000Z,532.0,707.0,728,736,316.0,420.0,141.0,True,True,False,270.1025,45.89749999999998,45.89749999999998,14.52453,16.99262,140.8018,0.19820000000001414,0.19820000000001414,0.14057,0.14077,174.9441,245.0559,245.0559,58.34664,140.07669
2019-12-02,45,SAN MIGUELITO,2019-12-02T07:31:45.000Z,2019-12-02T07:32:42.000Z,578.0,757.0,831,840,323.0,517.0,144.0,True,True,False,346.6209,-23.620900000000006,23.620900000000006,7.31297,6.81462,147.0887,-3.0886999999999887,3.0886999999999887,2.14493,2.09989,259.3232,257.6768,257.6768,49.84077,99.36512
2019-12-02,45,PAN DE AZUCAR,2019-12-02T07:29:03.000Z,2019-12-02T07:29:51.000Z,526.0,578.0,74,90,55.0,35.0,3.0,True,True,False,68.0,-13.0,13.0,23.63636,19.11765,1.8001,1.1999,1.1999,39.99667,66.65741,0.0,35.0,35.0,100.0,100.0
2019-12-02,45,LOS ANDES,2019-12-02T07:25:30.000Z,2019-12-02T07:27:24.000Z,255.0,526.0,216,382,274.0,108.0,3.0,True,True,False,331.4032,-57.40320000000003,57.40320000000003,20.95007,17.32126,3.743,-0.7429999999999999,0.7429999999999999,24.76667,19.85039,68.9172,39.082800000000006,39.082800000000006,36.18778,56.70979
2019-12-02,45,SAN ISIDRO,2019-12-02T07:22:33.000Z,2019-12-02T07:22:54.000Z,0.0,255.0,274,303,255.0,48.0,0.0,True,True,False,287.5857,-32.585699999999974,32.585699999999974,12.77871,11.33078,0.0,0.0,0.0,100.0,100.0,72.6559,-24.655900000000003,24.655900000000003,51.36646,33.93517
2019-12-02,46,SAN ISIDRO,2019-12-02T07:25:17.000Z,2019-12-02T07:25:41.000Z,0.0,227.0,243,276,227.0,49.0,0.0,True,True,False,281.4413,-54.44130000000001,54.44130000000001,23.98295,19.34375,0.0,0.0,0.0,100.0,100.0,71.2146,-22.214600000000004,22.214600000000004,45.33592,31.19388
2019-12-02,46,LOS ANDES,2019-12-02T07:28:32.000Z,2019-12-02T07:30:23.000Z,227.0,459.0,175,314,235.0,79.0,3.0,True,True,False,270.9604,-35.96039999999999,35.96039999999999,15.3023,13.27146,2.0027,0.9973000000000001,0.9973000000000001,33.24333,49.79777,54.9567,24.043300000000002,24.043300000000002,30.43456,43.74953
2019-12-02,46,PAN DE AZUCAR,2019-12-02T07:32:02.000Z,2019-12-02T07:33:14.000Z,459.0,525.0,89,106,67.0,39.0,1.0,True,True,False,86.0,-19.0,19.0,28.35821,22.09302,1.0376,-0.03760000000000008,0.03760000000000008,3.76,3.62375,0.0,39.0,39.0,100.0,100.0
2019-12-02,46,SAN MIGUELITO,2019-12-02T07:35:08.000Z,2019-12-02T07:35:41.000Z,525.0,707.0,936,1023,302.0,721.0,120.0,True,True,False,429.5203,-127.52030000000002,127.52030000000002,42.22526,29.689,124.4434,-4.443399999999997,4.443399999999997,3.70283,3.57062,353.803,367.197,367.197,50.92885,103.78572
2019-12-02,47,LOS ANDES,2019-12-02T07:31:33.000Z,2019-12-02T07:31:33.000Z,0.0,0.0,148,148,0.0,0.0,0.0,False,True,True,112.721,-112.721,112.721,100.0,100.0,1.5811,-1.5811,1.5811,100.0,100.0,24.235699999999998,-24.235699999999998,24.235699999999998,100.0,100.0
2019-12-02,47,PAN DE AZUCAR,2019-12-02T07:34:24.000Z,2019-12-02T07:34:24.000Z,0.0,0.0,55,55,0.0,0.0,0.0,False,True,True,17.0,-17.0,17.0,100.0,100.0,0.8772,-0.8772,0.8772,100.0,100.0,0.0,0.0,0.0,100.0,100.0
2019-12-02,47,SAN MIGUELITO,2019-12-02T07:36:51.000Z,2019-12-02T07:38:18.000Z,0.0,673.0,844,1065,673.0,392.0,0.0,True,True,False,387.736,285.264,285.264,42.38692,73.57171,58.814,-58.814,58.814,100.0,100.0,319.0669,72.93310000000002,72.93310000000002,18.60538,22.85825
2019-12-02,47,SAN ISIDRO,2019-12-02T07:26:51.000Z,2019-12-02T07:26:51.000Z,0.0,0.0,149,149,0.0,0.0,0.0,False,True,True,151.4839,-151.4839,151.4839,100.0,100.0,0.0,0.0,0.0,100.0,100.0,40.7307,-40.7307,40.7307,100.0,100.0
2019-12-02,48,LOS ANDES,2019-12-02T07:35:01.000Z,2019-12-02T07:35:34.000Z,533.0,760.0,391,425,238.0,187.0,11.0,True,True,False,308.3796,-70.37959999999998,70.37959999999998,29.57126,22.82239,7.7732,3.2268,3.2268,29.33455,41.51186,53.8561,133.1439,133.1439,71.19995,247.22158
2019-12-02,48,PAN DE AZUCAR,2019-12-02T07:37:13.000Z,2019-12-02T07:38:52.000Z,760.0,805.0,103,141,47.0,94.0,2.0,True,True,False,99.0,-52.0,52.0,110.6383,52.52525,4.2811,-2.2811000000000003,2.2811000000000003,114.055,53.28303,0.0,94.0,94.0,100.0,100.0
2019-12-02,48,SAN ISIDRO,2019-12-02T07:31:58.000Z,2019-12-02T07:32:28.000Z,0.0,533.0,594,639,533.0,106.0,0.0,True,True,False,487.2419,45.75810000000001,45.75810000000001,8.58501,9.39125,0.0,0.0,0.0,100.0,100.0,119.4888,-13.488799999999998,13.488799999999998,12.72528,11.28876
2019-12-02,48,SAN MIGUELITO,2019-12-02T07:40:43.000Z,2019-12-02T07:41:52.000Z,805.0,810.0,437,623,210.0,413.0,205.0,True,True,False,249.9995,-39.99950000000001,39.99950000000001,19.04738,15.99983,182.5668,22.4332,22.4332,10.94302,12.28767,317.0674,95.93259999999998,95.93259999999998,23.22823,30.25622
2019-12-02,49,SAN ISIDRO,2019-12-02T07:35:01.000Z,2019-12-02T07:35:16.000Z,0.0,277.0,316,338,277.0,61.0,0.0,True,True,False,318.56600000000003,-41.56600000000003,41.56600000000003,15.00578,13.04785,0.0,0.0,0.0,100.0,100.0,79.9229,-18.9229,18.9229,31.02115,23.67644
2019-12-02,49,LOS ANDES,2019-12-02T07:37:46.000Z,2019-12-02T07:39:34.000Z,277.0,638.0,371,467,364.0,103.0,3.0,True,True,False,337.0574,26.942600000000027,26.942600000000027,7.40181,7.99348,5.4677,-2.4677,2.4677,82.25667,45.13232,68.7987,34.2013,34.2013,33.20515,49.71213
2019-12-02,49,PAN DE AZUCAR,2019-12-02T07:41:13.000Z,2019-12-02T07:42:37.000Z,638.0,711.0,133,149,76.0,73.0,3.0,True,True,False,66.0,10.0,10.0,13.15789,15.15152,4.9873,-1.9873000000000003,1.9873000000000003,66.24333,39.84721,0.0,73.0,73.0,100.0,100.0
2019-12-02,49,SAN MIGUELITO,2019-12-02T07:44:28.000Z,2019-12-02T07:45:10.000Z,711.0,768.0,710,724,206.0,518.0,149.0,True,True,False,363.636,-157.63600000000002,157.63600000000002,76.52233,43.34994,127.9522,21.047799999999995,21.047799999999995,14.12604,16.44974,276.4314,241.5686,241.5686,46.63486,87.38826
2019-12-02,50,SAN MIGUELITO,2019-12-02T07:47:36.000Z,2019-12-02T07:48:09.000Z,629.0,749.0,724,734,277.0,457.0,157.0,True,True,False,295.5231,-18.5231,18.5231,6.68704,6.2679,138.3945,18.605500000000006,18.605500000000006,11.85064,13.44381,201.9083,255.0917,255.0917,55.81875,126.34037
2019-12-02,50,PAN DE AZUCAR,2019-12-02T07:45:03.000Z,2019-12-02T07:45:42.000Z,558.0,629.0,103,107,76.0,31.0,5.0,True,True,False,38.0,38.0,38.0,50.0,100.0,2.5872,2.4128,2.4128,48.256,93.25912,0.0,31.0,31.0,100.0,100.0
2019-12-02,50,LOS ANDES,2019-12-02T07:41:42.000Z,2019-12-02T07:43:15.000Z,321.0,558.0,238,303,240.0,63.0,3.0,True,True,False,263.122,-23.122000000000014,23.122000000000014,9.63417,8.78756,2.1918,0.8081999999999998,0.8081999999999998,26.94,36.8738,48.6767,14.323300000000003,14.323300000000003,22.7354,29.42537
2019-12-02,50,SAN ISIDRO,2019-12-02T07:38:45.000Z,2019-12-02T07:39:12.000Z,0.0,321.0,350,389,321.0,68.0,0.0,True,True,False,371.5675,-50.567499999999995,50.567499999999995,15.75312,13.60924,0.0,0.0,0.0,100.0,100.0,92.3553,-24.3553,24.3553,35.81662,26.37131
2019-12-02,51,SAN ISIDRO,2019-12-02T07:42:01.000Z,2019-12-02T07:42:25.000Z,0.0,280.0,308,342,280.0,62.0,0.0,True,True,False,322.50780000000003,-42.50780000000003,42.50780000000003,15.18136,13.18039,0.0,0.0,0.0,100.0,100.0,80.8476,-18.8476,18.8476,30.39935,23.3125
2019-12-02,51,SAN MIGUELITO,2019-12-02T07:50:34.000Z,2019-12-02T07:51:07.000Z,548.0,761.0,821,828,344.0,484.0,131.0,True,True,False,331.8806,12.119399999999985,12.119399999999985,3.52308,3.65173,140.7137,-9.713699999999989,9.713699999999989,7.41504,6.90317,245.0277,238.9723,238.9723,49.37444,97.52869
2019-12-02,51,PAN DE AZUCAR,2019-12-02T07:48:01.000Z,2019-12-02T07:48:40.000Z,488.0,548.0,67,73,61.0,12.0,1.0,True,True,False,47.0,14.0,14.0,22.95082,29.78723,2.0285,-1.0285000000000002,1.0285000000000002,102.85,50.70249,0.0,12.0,12.0,100.0,100.0
2019-12-02,51,LOS ANDES,2019-12-02T07:44:58.000Z,2019-12-02T07:46:10.000Z,280.0,488.0,194,278,210.0,68.0,2.0,True,True,False,255.38,-45.379999999999995,45.379999999999995,21.60952,17.7696,2.4606,-0.4605999999999999,0.4605999999999999,23.03,18.71901,49.2967,18.7033,18.7033,27.50485,37.94027
2019-12-02,52,SAN MIGUELITO,2019-12-02T07:52:14.000Z,2019-12-02T07:53:47.000Z,0.0,534.0,592,671,534.0,137.0,0.0,True,True,False,263.3924,270.6076,270.6076,50.67558,102.73933,61.4727,-61.4727,61.4727,100.0,100.0,178.6353,-41.6353,41.6353,30.39073,23.30743
2019-12-02,52,PAN DE AZUCAR,2019-12-02T07:49:47.000Z,2019-12-02T07:49:47.000Z,0.0,0.0,23,23,0.0,0.0,0.0,False,True,True,12.0,-12.0,12.0,100.0,100.0,0.4525,-0.4525,0.4525,100.0,100.0,0.0,0.0,0.0,100.0,100.0
2019-12-02,52,SAN ISIDRO,2019-12-02T07:43:32.000Z,2019-12-02T07:43:32.000Z,0.0,0.0,189,189,0.0,0.0,0.0,False,True,True,178.7264,-178.7264,178.7264,100.0,100.0,0.0,0.0,0.0,100.0,100.0,47.121,-47.121,47.121,100.0,100.0
2019-12-02,52,LOS ANDES,2019-12-02T07:47:17.000Z,2019-12-02T07:47:17.000Z,0.0,0.0,126,126,0.0,0.0,0.0,False,True,True,100.99619999999999,-100.99619999999999,100.99619999999999,100.0,100.0,4.83,-4.83,4.83,100.0,100.0,20.3005,-20.3005,20.3005,100.0,100.0
2019-12-02,53,SAN ISIDRO,2019-12-02T07:48:14.000Z,2019-12-02T07:49:11.000Z,0.0,611.0,693,780,611.0,169.0,0.0,True,True,False,601.768,9.231999999999971,9.231999999999971,1.51097,1.53415,0.0,0.0,0.0,100.0,100.0,146.353,22.64699999999999,22.64699999999999,13.40059,15.47423
2019-12-02,53,LOS ANDES,2019-12-02T07:51:44.000Z,2019-12-02T07:52:38.000Z,611.0,822.0,373,429,218.0,211.0,7.0,True,True,False,322.9028,-104.90280000000001,104.90280000000001,48.12055,32.48742,3.5323,3.4677,3.4677,49.53857,98.17116,51.3976,159.6024,159.6024,75.64095,310.52501
2019-12-02,53,PAN DE AZUCAR,2019-12-02T07:54:20.000Z,2019-12-02T07:54:59.000Z,822.0,839.0,83,88,21.0,67.0,4.0,True,True,False,33.6723,-12.6723,12.6723,60.34429,37.6342,4.8109,-0.8109000000000002,0.8109000000000002,20.2725,16.85547,40.3277,26.6723,26.6723,39.8094,66.13891
2019-12-02,53,SAN MIGUELITO,2019-12-02T07:56:56.000Z,2019-12-02T07:57:47.000Z,839.0,791.0,435,449,182.0,267.0,230.0,True,True,False,216.1904,-34.19040000000001,34.19040000000001,18.78593,15.81495,216.1904,13.809599999999989,13.809599999999989,6.00417,6.3877,292.4449,-25.44490000000002,25.44490000000002,9.52993,8.70075
2019-12-02,54,PAN DE AZUCAR,2019-12-02T07:57:09.000Z,2019-12-02T07:58:18.000Z,572.0,641.0,89,95,73.0,22.0,4.0,True,True,False,73.3277,-0.327699999999993,0.327699999999993,0.4489,0.4469,2.6652,1.3348,1.3348,33.37,50.08255,0.0,22.0,22.0,100.0,100.0
2019-12-02,54,SAN MIGUELITO,2019-12-02T08:00:09.000Z,2019-12-02T08:00:42.000Z,641.0,682.0,431,436,190.0,246.0,149.0,True,True,False,284.5377,-94.53769999999997,94.53769999999997,49.75668,33.22502,113.9061,35.093900000000005,35.093900000000005,23.55295,30.8095,192.9073,53.09270000000001,53.09270000000001,21.5824,27.52239
2019-12-02,54,LOS ANDES,2019-12-02T07:54:21.000Z,2019-12-02T07:55:30.000Z,295.0,572.0,309,360,280.0,80.0,3.0,True,True,False,188.91250000000002,91.08749999999998,91.08749999999998,32.53125,48.21677,4.4771,-1.4771,1.4771,49.23667,32.99234,34.4852,45.5148,45.5148,56.8935,131.98358
2019-12-02,54,SAN ISIDRO,2019-12-02T07:51:03.000Z,2019-12-02T07:51:27.000Z,0.0,295.0,343,379,295.0,84.0,0.0,True,True,False,308.7359,-13.735900000000015,13.735900000000015,4.65624,4.44908,0.0,0.0,0.0,100.0,100.0,77.61699999999999,6.38300000000001,6.38300000000001,7.59881,8.22371
2019-12-02,55,LOS ANDES,2019-12-02T07:56:45.000Z,2019-12-02T07:58:48.000Z,233.0,407.0,137,241,177.0,64.0,3.0,True,True,False,185.37429999999998,-8.374299999999977,8.374299999999977,4.73124,4.51751,3.3889,-0.3889,0.3889,12.96333,11.4757,37.1109,26.8891,26.8891,42.01422,72.45607
2019-12-02,55,SAN ISIDRO,2019-12-02T07:53:46.000Z,2019-12-02T07:54:07.000Z,0.0,233.0,258,284,233.0,51.0,0.0,True,True,False,237.6698,-4.669800000000009,4.669800000000009,2.00421,1.96483,0.0,0.0,0.0,100.0,100.0,60.9473,-9.947299999999998,9.947299999999998,19.50451,16.32115
2019-12-02,55,PAN DE AZUCAR,2019-12-02T08:00:33.000Z,2019-12-02T08:01:18.000Z,407.0,441.0,42,45,36.0,9.0,2.0,True,True,False,26.0,10.0,10.0,27.77778,38.46154,1.9723,0.027700000000000058,0.027700000000000058,1.385,1.40445,0.0,9.0,9.0,100.0,100.0
2019-12-02,55,SAN MIGUELITO,2019-12-02T08:03:12.000Z,2019-12-02T08:03:42.000Z,441.0,631.0,410,420,293.0,127.0,103.0,True,True,False,233.2603,59.7397,59.7397,20.38898,25.61074,100.9879,2.0121000000000038,2.0121000000000038,1.9535,1.99242,139.6469,-12.646899999999988,12.646899999999988,9.95819,9.05634
2019-12-02,56,PAN DE AZUCAR,2019-12-02T08:03:31.000Z,2019-12-02T08:04:07.000Z,394.0,425.0,42,54,35.0,19.0,4.0,True,True,False,45.0,-10.0,10.0,28.57143,22.22222,3.7745,0.2254999999999998,0.2254999999999998,5.6375,5.9743,0.0,19.0,19.0,100.0,100.0
2019-12-02,56,SAN MIGUELITO,2019-12-02T08:06:01.000Z,2019-12-02T08:06:31.000Z,425.0,527.0,289,445,209.0,236.0,107.0,True,True,False,278.4865,-69.48649999999998,69.48649999999998,33.24713,24.95148,105.9989,1.0010999999999939,1.0010999999999939,0.93561,0.94444,189.1604,46.83959999999999,46.83959999999999,19.84729,24.76184
2019-12-02,56,LOS ANDES,2019-12-02T07:59:55.000Z,2019-12-02T08:01:52.000Z,242.0,394.0,115,217,157.0,60.0,5.0,True,True,False,179.7267,-22.726699999999994,22.726699999999994,14.47561,12.64514,2.8074,2.1926,2.1926,43.852,78.10073,34.3842,25.6158,25.6158,42.693,74.49875
2019-12-02,56,SAN ISIDRO,2019-12-02T07:56:49.000Z,2019-12-02T07:57:10.000Z,0.0,242.0,269,299,242.0,57.0,0.0,True,True,False,265.4773,-23.477300000000014,23.477300000000014,9.70136,8.84343,0.0,0.0,0.0,100.0,100.0,67.47,-10.469999999999999,10.469999999999999,18.36842,15.51801
2019-12-02,57,SAN ISIDRO,2019-12-02T08:00:01.000Z,2019-12-02T08:00:13.000Z,0.0,247.0,294,314,247.0,67.0,0.0,True,True,False,282.1006,-35.100599999999986,35.100599999999986,14.21077,12.44258,0.0,0.0,0.0,100.0,100.0,71.3693,-4.3692999999999955,4.3692999999999955,6.52134,6.1221
2019-12-02,57,LOS ANDES,2019-12-02T08:03:04.000Z,2019-12-02T08:04:34.000Z,247.0,386.0,131,178,141.0,37.0,2.0,True,True,False,144.9654,-3.9653999999999883,3.9653999999999883,2.81234,2.73541,2.9955,-0.9954999999999998,0.9954999999999998,49.775,33.23318,25.4188,11.581199999999999,11.581199999999999,31.30054,45.56155
2019-12-02,57,PAN DE AZUCAR,2019-12-02T08:06:25.000Z,2019-12-02T08:06:55.000Z,386.0,438.0,61,66,53.0,13.0,1.0,True,True,False,50.0,3.0,3.0,5.66038,6.0,0.777,0.22299999999999998,0.22299999999999998,22.3,28.70013,0.0,13.0,13.0,100.0,100.0
2019-12-02,57,SAN MIGUELITO,2019-12-02T08:08:52.000Z,2019-12-02T08:09:10.000Z,438.0,559.0,266,362,221.0,141.0,100.0,True,True,False,208.1347,12.86529999999999,12.86529999999999,5.8214,6.18124,100.3272,-0.3272000000000048,0.3272000000000048,0.3272,0.32613,110.0257,30.9743,30.9743,21.96759,28.15188
2019-12-02,58,PAN DE AZUCAR,2019-12-02T08:09:01.000Z,2019-12-02T08:09:40.000Z,372.0,403.0,37,42,33.0,9.0,2.0,True,True,False,30.0,3.0,3.0,9.09091,10.0,1.4668,0.5331999999999999,0.5331999999999999,26.66,36.35124,0.0,9.0,9.0,100.0,100.0
2019-12-02,58,SAN MIGUELITO,2019-12-02T08:11:34.000Z,2019-12-02T08:11:49.000Z,403.0,500.0,237,378,183.0,195.0,86.0,True,True,False,222.3149,-39.314899999999994,39.314899999999994,21.48355,17.68433,85.3423,0.6577000000000055,0.6577000000000055,0.76477,0.77066,127.7108,67.2892,67.2892,34.50728,52.68873
2019-12-02,58,LOS ANDES,2019-12-02T08:05:49.000Z,2019-12-02T08:07:16.000Z,237.0,372.0,100,174,137.0,37.0,2.0,True,True,False,149.9107,-12.910699999999991,12.910699999999991,9.42387,8.61226,1.482,0.518,0.518,25.9,34.95277,28.5081,8.491900000000001,8.491900000000001,22.95108,29.78767
2019-12-02,58,SAN ISIDRO,2019-12-02T08:02:52.000Z,2019-12-02T08:03:10.000Z,0.0,237.0,261,288,237.0,51.0,0.0,True,True,False,241.5191,-4.519100000000009,4.519100000000009,1.90679,1.87111,0.0,0.0,0.0,100.0,100.0,61.8502,-10.850200000000001,10.850200000000001,21.2749,17.54271
2019-12-02,59,SAN MIGUELITO,2019-12-02T08:14:12.000Z,2019-12-02T08:14:36.000Z,463.0,566.0,377,381,205.0,176.0,102.0,True,True,False,208.1328,-3.132800000000003,3.132800000000003,1.5282,1.50519,99.6056,2.3944000000000045,2.3944000000000045,2.34745,2.40388,109.578,66.422,66.422,37.73977,60.61618
2019-12-02,59,PAN DE AZUCAR,2019-12-02T08:12:03.000Z,2019-12-02T08:12:21.000Z,436.0,463.0,34,40,28.0,12.0,1.0,True,True,False,34.0,-6.0,6.0,21.42857,17.64706,1.2938,-0.29380000000000006,0.29380000000000006,29.38,22.7083,0.0,12.0,12.0,100.0,100.0
2019-12-02,59,LOS ANDES,2019-12-02T08:09:00.000Z,2019-12-02T08:10:12.000Z,293.0,436.0,126,179,146.0,33.0,3.0,True,True,False,148.4087,-2.4087000000000103,2.4087000000000103,1.64979,1.62302,5.5907,-2.5907,2.5907,86.35667,46.33946,25.099400000000003,7.900599999999997,7.900599999999997,23.94121,31.47725
2019-12-02,59,SAN ISIDRO,2019-12-02T08:06:03.000Z,2019-12-02T08:06:30.000Z,0.0,293.0,314,353,293.0,60.0,0.0,True,True,False,307.51869999999997,-14.518699999999967,14.518699999999967,4.95519,4.72124,0.0,0.0,0.0,100.0,100.0,77.3315,-17.331500000000005,17.331500000000005,28.88583,22.41195
2019-12-02,60,SAN MIGUELITO,2019-12-02T08:17:08.000Z,2019-12-02T08:17:35.000Z,383.0,509.0,287,294,213.0,81.0,87.0,True,True,False,166.5809,46.419099999999986,46.419099999999986,21.793,27.8658,84.9168,2.083200000000005,2.083200000000005,2.39448,2.45322,65.9971,15.002899999999997,15.002899999999997,18.5221,22.73267
2019-12-02,60,SAN ISIDRO,2019-12-02T08:09:41.000Z,2019-12-02T08:09:56.000Z,0.0,245.0,266,281,245.0,36.0,0.0,True,True,False,245.5385,-0.5384999999999991,0.5384999999999991,0.2198,0.21931,0.0,0.0,0.0,100.0,100.0,62.7929,-26.792900000000003,26.792900000000003,74.42472,42.66868
2019-12-02,60,LOS ANDES,2019-12-02T08:12:29.000Z,2019-12-02T08:12:47.000Z,245.0,361.0,129,148,118.0,30.0,2.0,True,True,False,125.4759,-7.475899999999996,7.475899999999996,6.33551,5.95804,2.4041,-0.4041000000000001,0.4041000000000001,20.205,16.80878,22.6235,7.3765,7.3765,24.58833,32.60548
2019-12-02,60,PAN DE AZUCAR,2019-12-02T08:14:26.000Z,2019-12-02T08:15:17.000Z,361.0,383.0,29,39,26.0,13.0,4.0,True,True,False,27.0,-1.0,1.0,3.84615,3.7037,4.2319,-0.23190000000000044,0.23190000000000044,5.7975,5.47981,0.0,13.0,13.0,100.0,100.0
2019-12-02,61,LOS ANDES,2019-12-02T08:15:31.000Z,2019-12-02T08:15:49.000Z,246.0,406.0,183,199,161.0,38.0,1.0,True,True,False,176.9358,-15.9358,15.9358,9.89801,9.00654,1.0218,-0.02180000000000004,0.02180000000000004,2.18,2.13349,33.6877,4.3123000000000005,4.3123000000000005,11.34816,12.80081
2019-12-02,61,PAN DE AZUCAR,2019-12-02T08:17:28.000Z,2019-12-02T08:18:01.000Z,406.0,439.0,42,46,37.0,9.0,4.0,True,True,False,36.0,1.0,1.0,2.7027,2.77778,3.3992,0.6008,0.6008,15.02,17.67475,0.0,9.0,9.0,100.0,100.0
2019-12-02,61,SAN MIGUELITO,2019-12-02T08:19:52.000Z,2019-12-02T08:20:13.000Z,439.0,521.0,226,231,176.0,55.0,94.0,True,True,False,160.52,15.47999999999999,15.47999999999999,8.79545,9.64366,103.4913,-9.491299999999995,9.491299999999995,10.09713,9.17111,56.4771,-1.4771,1.4771,2.68564,2.6154
2019-12-02,61,SAN ISIDRO,2019-12-02T08:12:43.000Z,2019-12-02T08:13:01.000Z,0.0,246.0,276,295,246.0,49.0,0.0,True,True,False,264.5423,-18.54230000000001,18.54230000000001,7.53752,7.0092,0.0,0.0,0.0,100.0,100.0,67.2506,-18.250600000000006,18.250600000000006,37.24612,27.1382
2019-12-02,62,SAN MIGUELITO,2019-12-02T08:22:33.000Z,2019-12-02T08:22:57.000Z,355.0,448.0,351,355,177.0,178.0,84.0,True,True,False,225.6871,-48.68709999999999,48.68709999999999,27.50684,21.57283,78.0909,5.909099999999995,5.909099999999995,7.03464,7.56695,132.79,45.21000000000001,45.21000000000001,25.39888,34.04624
2019-12-02,62,SAN ISIDRO,2019-12-02T08:15:18.000Z,2019-12-02T08:15:48.000Z,0.0,202.0,202,230,202.0,28.0,0.0,True,True,False,206.59310000000002,-4.593100000000021,4.593100000000021,2.27381,2.22326,0.0,0.0,0.0,100.0,100.0,53.6575,-25.6575,25.6575,91.63393,47.81717
2019-12-02,62,LOS ANDES,2019-12-02T08:18:21.000Z,2019-12-02T08:18:36.000Z,202.0,313.0,140,152,117.0,35.0,6.0,True,True,False,133.99859999999998,-16.998599999999982,16.998599999999982,14.52872,12.68565,5.3039,0.6961000000000004,0.6961000000000004,11.60167,13.1243,26.6891,8.3109,8.3109,23.74543,31.13968
2019-12-02,62,PAN DE AZUCAR,2019-12-02T08:20:15.000Z,2019-12-02T08:20:39.000Z,313.0,355.0,52,56,44.0,12.0,2.0,True,True,False,47.999399999999994,-3.9993999999999943,3.9993999999999943,9.08955,8.33219,2.0523,-0.05229999999999979,0.05229999999999979,2.615,2.54836,0.0006000000000000001,11.9994,11.9994,99.995,1999900.0
2019-12-02,63,LOS ANDES,2019-12-02T08:20:57.000Z,2019-12-02T08:21:12.000Z,146.0,264.0,137,140,121.0,19.0,3.0,True,True,False,111.0949,9.905100000000004,9.905100000000004,8.18603,8.91589,5.5846,-2.5846,2.5846,86.15333,46.28084,22.5942,-3.5942000000000007,3.5942000000000007,18.91684,15.90762
2019-12-02,63,SAN ISIDRO,2019-12-02T08:18:18.000Z,2019-12-02T08:18:27.000Z,0.0,146.0,185,198,146.0,52.0,0.0,True,True,False,181.0027,-35.002700000000004,35.002700000000004,23.97445,19.33822,0.0,0.0,0.0,100.0,100.0,47.655,4.344999999999999,4.344999999999999,8.35577,9.11762
2019-12-02,63,PAN DE AZUCAR,2019-12-02T08:22:51.000Z,2019-12-02T08:23:24.000Z,264.0,288.0,28,33,25.0,8.0,1.0,True,True,False,23.0006,1.9994000000000014,1.9994000000000014,7.9976,8.69282,1.2837,-0.28370000000000006,0.28370000000000006,28.37,22.10018,0.0,8.0,8.0,100.0,100.0
2019-12-02,63,SAN MIGUELITO,2019-12-02T08:25:18.000Z,2019-12-02T08:25:54.000Z,288.0,465.0,319,325,232.0,93.0,55.0,True,True,False,188.5098,43.49019999999999,43.49019999999999,18.74578,23.07052,61.8072,-6.807200000000002,6.807200000000002,12.37673,11.0136,93.2803,-0.2802999999999969,0.2802999999999969,0.3014,0.30049
2019-12-02,64,SAN MIGUELITO,2019-12-02T08:28:01.000Z,2019-12-02T08:28:19.000Z,277.0,323.0,145,150,101.0,49.0,55.0,True,True,False,128.2536,-27.253600000000006,27.253600000000006,26.98376,21.24977,62.6297,-7.6297,7.6297,13.87218,12.18224,25.0266,23.9734,23.9734,48.92531,95.79168
2019-12-02,64,PAN DE AZUCAR,2019-12-02T08:25:34.000Z,2019-12-02T08:25:46.000Z,262.0,277.0,25,26,18.0,8.0,3.0,True,True,False,18.0,0.0,0.0,0.0,0.0,2.5189,0.4811000000000001,0.4811000000000001,16.03667,19.09961,0.0,8.0,8.0,100.0,100.0
2019-12-02,64,LOS ANDES,2019-12-02T08:23:40.000Z,2019-12-02T08:23:55.000Z,158.0,262.0,146,160,110.0,50.0,6.0,True,True,False,142.72209999999998,-32.72209999999998,32.72209999999998,29.74736,22.92714,3.5381,2.4619,2.4619,41.03167,69.58254,30.872,19.128,19.128,38.256,61.95906
2019-12-02,64,SAN ISIDRO,2019-12-02T08:21:01.000Z,2019-12-02T08:21:10.000Z,0.0,158.0,192,198,158.0,40.0,0.0,True,True,False,161.5605,-3.5604999999999905,3.5604999999999905,2.25348,2.20382,0.0,0.0,0.0,100.0,100.0,43.0945,-3.0944999999999965,3.0944999999999965,7.73625,7.18073
2019-12-02,65,PAN DE AZUCAR,2019-12-02T08:29:16.000Z,2019-12-02T08:29:19.000Z,315.0,353.0,46,47,40.0,7.0,2.0,True,True,False,39.0,1.0,1.0,2.5,2.5641,2.2114,-0.2113999999999998,0.2113999999999998,10.57,9.55956,0.0,7.0,7.0,100.0,100.0
2019-12-02,65,LOS ANDES,2019-12-02T08:27:07.000Z,2019-12-02T08:27:22.000Z,143.0,315.0,197,211,176.0,35.0,4.0,True,True,False,166.9618,9.03819999999999,9.03819999999999,5.13534,5.41333,3.7393,0.26069999999999993,0.26069999999999993,6.5175,6.97189,36.910199999999996,-1.9101999999999961,1.9101999999999961,5.45771,5.17526
2019-12-02,65,SAN ISIDRO,2019-12-02T08:24:04.000Z,2019-12-02T08:24:28.000Z,0.0,143.0,159,177,143.0,34.0,0.0,True,True,False,154.6265,-11.626499999999993,11.626499999999993,8.13042,7.51909,0.0,0.0,0.0,100.0,100.0,41.468,-7.4680000000000035,7.4680000000000035,21.96471,18.00907
2019-12-02,65,SAN MIGUELITO,2019-12-02T08:31:19.000Z,2019-12-02T08:31:34.000Z,353.0,475.0,305,310,186.0,124.0,64.0,True,True,False,197.4898,-11.489800000000002,11.489800000000002,6.17731,5.81792,64.2737,-0.27370000000000516,0.27370000000000516,0.42766,0.42584,101.5368,22.4632,22.4632,18.11548,22.12321
2019-12-02,66,SAN ISIDRO,2019-12-02T08:27:04.000Z,2019-12-02T08:27:16.000Z,0.0,144.0,164,173,144.0,29.0,0.0,True,False,True,0.0,144.0,144.0,100.0,100.0,0.0,0.0,0.0,100.0,100.0,190.468,-161.468,161.468,556.78621,84.77435
2019-12-02,66,LOS ANDES,2019-12-02T08:29:49.000Z,2019-12-02T08:29:58.000Z,144.0,259.0,139,139,116.0,23.0,1.0,True,True,False,118.83720000000001,-2.83720000000001,2.83720000000001,2.44586,2.38747,0.0,1.0,1.0,100.0,100.0,33.0729,-10.072899999999997,10.072899999999997,43.79522,30.45666
2019-12-02,66,PAN DE AZUCAR,2019-12-02T08:31:43.000Z,2019-12-02T08:32:01.000Z,259.0,286.0,34,39,29.0,10.0,2.0,True,True,False,26.463500000000003,2.5364999999999966,2.5364999999999966,8.74655,9.5849,0.0,2.0,2.0,100.0,100.0,5.5365,4.4635,4.4635,44.635,80.61952
2019-12-02,66,SAN MIGUELITO,2019-12-02T08:33:52.000Z,2019-12-02T08:34:10.000Z,286.0,382.0,169,193,153.0,40.0,57.0,True,True,False,135.5983,17.401700000000005,17.401700000000005,11.37366,12.83327,23.999,33.001000000000005,33.001000000000005,57.89649,137.5099,38.9385,1.0615000000000023,1.0615000000000023,2.65375,2.72609
2019-12-02,67,SAN ISIDRO,2019-12-02T08:32:30.000Z,2019-12-02T08:32:48.000Z,0.0,257.0,287,302,257.0,45.0,0.0,True,True,False,401.9791,-144.97910000000002,144.97910000000002,56.4121,36.06633,0.0,0.0,0.0,100.0,100.0,99.4889,-54.4889,54.4889,121.08644,54.76882
2019-12-02,67,LOS ANDES,2019-12-02T08:35:24.000Z,2019-12-02T08:35:45.000Z,257.0,439.0,217,234,188.0,46.0,6.0,True,True,False,231.1517,-43.151700000000005,43.151700000000005,22.95303,18.66813,7.1647,-1.1646999999999998,1.1646999999999998,19.41167,16.25609,39.921299999999995,6.078700000000005,6.078700000000005,13.21457,15.22671
2019-12-02,67,PAN DE AZUCAR,2019-12-02T08:37:24.000Z,2019-12-02T08:37:42.000Z,439.0,488.0,59,64,51.0,13.0,2.0,True,True,False,69.5365,-18.536500000000004,18.536500000000004,36.34608,26.65722,4.5824,-2.5824,2.5824,129.12,56.35475,0.0,13.0,13.0,100.0,100.0
2019-12-02,67,SAN MIGUELITO,2019-12-02T08:39:39.000Z,2019-12-02T08:40:12.000Z,488.0,654.0,462,465,279.0,186.0,113.0,True,True,False,283.9751,-4.975099999999998,4.975099999999998,1.78319,1.75195,139.7172,-26.71719999999999,26.71719999999999,23.64354,19.12234,187.9633,-1.9633000000000038,1.9633000000000038,1.05554,1.04451
2019-12-02,68,SAN ISIDRO,2019-12-02T08:35:30.000Z,2019-12-02T08:35:42.000Z,0.0,137.0,155,165,137.0,28.0,0.0,True,True,False,182.48600000000002,-45.48600000000002,45.48600000000002,33.20146,24.92575,0.0,0.0,0.0,100.0,100.0,48.0029,-20.002899999999997,20.002899999999997,71.43893,41.67019
2019-12-02,68,LOS ANDES,2019-12-02T08:38:12.000Z,2019-12-02T08:38:27.000Z,137.0,239.0,120,128,105.0,23.0,3.0,True,True,False,104.8512,0.14879999999999427,0.14879999999999427,0.14171,0.14192,5.8627,-2.8627000000000002,2.8627000000000002,95.42333,48.82904,21.0701,1.9299,1.9299,8.39087,9.15942
2019-12-02,68,PAN DE AZUCAR,2019-12-02T08:40:06.000Z,2019-12-02T08:40:48.000Z,239.0,274.0,35,42,36.0,6.0,1.0,True,True,False,29.0,7.0,7.0,19.44444,24.13793,1.5933,-0.5932999999999999,0.5932999999999999,59.33,37.23718,0.0,6.0,6.0,100.0,100.0
2019-12-02,68,SAN MIGUELITO,2019-12-02T08:42:45.000Z,2019-12-02T08:43:00.000Z,274.0,412.0,240,245,195.0,50.0,57.0,True,True,False,175.418,19.581999999999994,19.581999999999994,10.04205,11.16305,63.1186,-6.118600000000001,6.118600000000001,10.73439,9.69381,78.5453,-28.545299999999997,28.545299999999997,57.0906,36.34247
2019-12-02,69,SAN ISIDRO,2019-12-02T08:38:50.000Z,2019-12-02T08:39:05.000Z,0.0,148.0,167,175,148.0,27.0,0.0,True,True,False,158.6024,-10.602399999999989,10.602399999999989,7.16378,6.68489,0.0,0.0,0.0,100.0,100.0,42.4006,-15.400599999999997,15.400599999999997,57.03926,36.32166
2019-12-02,69,LOS ANDES,2019-12-02T08:41:35.000Z,2019-12-02T08:41:47.000Z,148.0,233.0,113,122,98.0,24.0,13.0,True,True,False,109.5495,-11.549499999999995,11.549499999999995,11.7852,10.54272,9.2854,3.714600000000001,3.714600000000001,28.57385,40.00474,23.520599999999998,0.4794000000000018,0.4794000000000018,1.9975,2.03821
2019-12-02,69,PAN DE AZUCAR,2019-12-02T08:43:29.000Z,2019-12-02T08:43:44.000Z,233.0,260.0,30,31,27.0,4.0,0.0,True,True,False,27.0,0.0,0.0,0.0,0.0,0.3664,-0.3664,0.3664,100.0,100.0,0.0,4.0,4.0,100.0,100.0
2019-12-02,69,SAN MIGUELITO,2019-12-02T08:45:35.000Z,2019-12-02T08:45:53.000Z,260.0,356.0,199,274,165.0,109.0,69.0,True,True,False,199.5966,-34.596599999999995,34.596599999999995,20.96764,17.33326,66.484,2.5160000000000053,2.5160000000000053,3.64638,3.78437,106.9487,2.0512999999999977,2.0512999999999977,1.88193,1.91802
2019-12-02,70,SAN ISIDRO,2019-12-02T08:41:45.000Z,2019-12-02T08:41:57.000Z,0.0,149.0,169,182,149.0,33.0,0.0,True,True,False,163.7844,-14.784400000000005,14.784400000000005,9.92242,9.02674,0.0,0.0,0.0,100.0,100.0,43.61619999999999,-10.616199999999992,10.616199999999992,32.1703,24.34004
2019-12-02,70,LOS ANDES,2019-12-02T08:44:27.000Z,2019-12-02T08:44:42.000Z,149.0,268.0,144,158,123.0,35.0,4.0,True,True,False,135.2274,-12.227399999999989,12.227399999999989,9.94098,9.0421,9.3922,-5.392200000000001,5.392200000000001,134.805,57.41147,29.293300000000002,5.706699999999998,5.706699999999998,16.30486,19.48125
2019-12-02,70,PAN DE AZUCAR,2019-12-02T08:46:24.000Z,2019-12-02T08:46:36.000Z,268.0,281.0,16,17,15.0,2.0,2.0,True,True,False,14.0,1.0,1.0,6.66667,7.14286,1.4713,0.5287,0.5287,26.435,35.93421,0.0,2.0,2.0,100.0,100.0
2019-12-02,70,SAN MIGUELITO,2019-12-02T08:48:27.000Z,2019-12-02T08:48:45.000Z,281.0,356.0,266,287,127.0,160.0,52.0,True,True,False,192.2383,-65.23830000000001,65.23830000000001,51.36874,33.93616,61.0267,-9.026699999999998,9.026699999999998,17.35904,14.79139,97.7104,62.28959999999999,62.28959999999999,38.931,63.7492
2019-12-02,71,SAN MIGUELITO,2019-12-02T08:51:37.000Z,2019-12-02T08:51:58.000Z,263.0,376.0,226,228,168.0,60.0,55.0,True,True,False,135.1144,32.88560000000001,32.88560000000001,19.57476,24.33908,51.4434,3.556600000000003,3.556600000000003,6.46655,6.91362,32.596,27.404000000000003,27.404000000000003,45.67333,84.07167
2019-12-02,71,SAN ISIDRO,2019-12-02T08:44:58.000Z,2019-12-02T08:45:10.000Z,0.0,150.0,168,173,150.0,23.0,0.0,True,True,False,163.959,-13.959000000000003,13.959000000000003,9.306,8.51371,0.0,0.0,0.0,100.0,100.0,43.657,-20.656999999999996,20.656999999999996,89.81304,47.31658
2019-12-02,71,LOS ANDES,2019-12-02T08:47:40.000Z,2019-12-02T08:47:52.000Z,150.0,249.0,140,145,112.0,33.0,13.0,True,True,False,134.2566,-22.25659999999999,22.25659999999999,19.87196,16.57766,8.9832,4.0168,4.0168,30.89846,44.71458,29.0367,3.9633000000000003,3.9633000000000003,12.01,13.64928
2019-12-02,71,PAN DE AZUCAR,2019-12-02T08:49:34.000Z,2019-12-02T08:49:43.000Z,249.0,263.0,19,20,15.0,5.0,1.0,True,True,False,21.0,-6.0,6.0,40.0,28.57143,1.2625,-0.26249999999999996,0.26249999999999996,26.25,20.79208,0.0,5.0,5.0,100.0,100.0
2019-12-02,72,LOS ANDES,2019-12-02T08:50:07.000Z,2019-12-02T08:50:19.000Z,89.0,176.0,105,109,91.0,18.0,4.0,True,True,False,89.6939,1.3061000000000007,1.3061000000000007,1.43527,1.45617,5.7587,-1.7587000000000002,1.7587000000000002,43.9675,30.53988,21.3428,-3.3428000000000004,3.3428000000000004,18.57111,15.66242
2019-12-02,72,SAN MIGUELITO,2019-12-02T08:54:16.000Z,2019-12-02T08:54:28.000Z,202.0,220.0,113,113,68.0,45.0,50.0,True,True,False,88.596,-20.596000000000004,20.596000000000004,30.28824,23.2471,46.79,3.210000000000001,3.210000000000001,6.42,6.86044,0.0,45.0,45.0,100.0,100.0
2019-12-02,72,PAN DE AZUCAR,2019-12-02T08:52:01.000Z,2019-12-02T08:52:22.000Z,176.0,202.0,28,31,26.0,5.0,0.0,True,True,False,25.9575,0.042500000000000426,0.042500000000000426,0.16346,0.16373,1.6114,-1.6114,1.6114,100.0,100.0,2.0425,2.9575,2.9575,59.15,144.79804
2019-12-02,72,SAN ISIDRO,2019-12-02T08:47:25.000Z,2019-12-02T08:47:37.000Z,0.0,89.0,104,110,89.0,21.0,0.0,True,True,False,104.8622,-15.862200000000001,15.862200000000001,17.8227,15.12671,0.0,0.0,0.0,100.0,100.0,29.7948,-8.794799999999999,8.794799999999999,41.88,29.5179
2019-12-02,73,LOS ANDES,2019-12-02T08:53:22.000Z,2019-12-02T08:53:34.000Z,99.0,210.0,136,141,117.0,24.0,6.0,True,True,False,128.445,-11.444999999999993,11.444999999999993,9.78205,8.91043,8.0017,-2.0016999999999996,2.0016999999999996,33.36167,25.01593,30.897799999999997,-6.897799999999997,6.897799999999997,28.74083,22.32457
2019-12-02,73,PAN DE AZUCAR,2019-12-02T08:55:16.000Z,2019-12-02T08:55:28.000Z,210.0,232.0,28,28,25.0,3.0,3.0,True,True,False,27.144000000000002,-2.144000000000002,2.144000000000002,8.576,7.89861,2.1381,0.8618999999999999,0.8618999999999999,28.73,40.31149,0.8985000000000001,2.1014999999999997,2.1014999999999997,70.05,233.88982
2019-12-02,73,SAN MIGUELITO,2019-12-02T08:57:19.000Z,2019-12-02T08:57:31.000Z,232.0,230.0,273,273,43.0,230.0,45.0,True,True,False,164.5128,-121.5128,121.5128,282.58791,73.86222,49.9945,-4.994500000000002,4.994500000000002,11.09889,9.9901,68.4872,161.5128,161.5128,70.22296,235.82918
2019-12-02,73,SAN ISIDRO,2019-12-02T08:50:40.000Z,2019-12-02T08:50:52.000Z,0.0,99.0,110,113,99.0,14.0,0.0,True,True,False,97.68379999999999,1.3162000000000091,1.3162000000000091,1.32949,1.34741,0.0,0.0,0.0,100.0,100.0,28.110999999999997,-14.110999999999997,14.110999999999997,100.79286,50.19743
